1,2024-11-04,14:30:00,2024-11-04 14:30:00,-21,-21.6,-21.1
2,2024-11-04,14:45:00,2024-11-04 14:45:00,-21.1,-21.7,-21.2
3,2024-11-04,15:00:00,2024-11-04 15:00:00,-21.2,-21.8,-21.3
4,2024-11-04,15:15:00,2024-11-04 15:15:00,-21.3,-21.9,-21.4
5,2024-11-04,15:30:00,2024-11-04 15:30:00,-21.4,-22,-21.5
6,2024-11-04,15:45:00,2024-11-04 15:45:00,-21.5,-22.1,-21.6
7,2024-11-04,16:00:00,2024-11-04 16:00:00,-21.6,-22.2,-21.7
8,2024-11-04,16:15:00,2024-11-04 16:15:00,-21.7,-22.3,-21.8
9,2024-11-04,16:30:00,2024-11-04 16:30:00,-21.8,-22.4,-21.9
10,2024-11-04,16:45:00,2024-11-04 16:45:00,-21.9,-22.5,-22
11,2024-11-04,17:00:00,2024-11-04 17:00:00,-22,-22.6,-22.1
12,2024-11-04,17:15:00,2024-11-04 17:15:00,-22.1,-22.7,-22.2
13,2024-11-04,17:30:00,2024-11-04 17:30:00,-22.2,-22.8,-22.3
14,2024-11-04,17:45:00,2024-11-04 17:45:00,-22.3,-22.9,-22.4
15,2024-11-04,18:00:00,2024-11-04 18:00:00,-22.4,-23,-22.5
16,2024-11-04,18:15:00,2024-11-04 18:15:00,-22,-23,-22.5
17,2024-11-04,18:30:00,2024-11-04 18:30:00,-22.2,-23.1,-22.6
18,2024-11-04,18:45:00,2024-11-04 18:45:00,-22.4,-23.2,-22.7
19,2024-11-04,19:00:00,2024-11-04 19:00:00,-22.6,-23.3,-22.8
20,2024-11-04,19:15:00,2024-11-04 19:15:00,-22.8,-23.4,-22.9
21,2024-11-04,19:30:00,2024-11-04 19:30:00,-23,-23.5,-23
22,2024-11-04,19:45:00,2024-11-04 19:45:00,-23.2,-23.6,-23.1
23,2024-11-04,20:00:00,2024-11-04 20:00:00,-23.4,-23.7,-23.2
24,2024-11-04,20:15:00,2024-11-04 20:15:00,-23.6,-23.8,-23.3
25,2024-11-04,20:30:00,2024-11-04 20:30:00,-23.8,-23.9,-23.4
26,2024-11-04,20:45:00,2024-11-04 20:45:00,-24,-24,-23.5
27,2024-11-04,21:00:00,2024-11-04 21:00:00,-24.2,-24.1,-23.6
28,2024-11-04,21:15:00,2024-11-04 21:15:00,-24.4,-24.2,-23.7
29,2024-11-04,21:30:00,2024-11-04 21:30:00,-24.6,-24.3,-23.8
30,2024-11-04,21:45:00,2024-11-04 21:45:00,-24.8,-24.2,-23.7
31,2024-11-04,22:00:00,2024-11-04 22:00:00,-25,-24.1,-23.6
32,2024-11-04,22:15:00,2024-11-04 22:15:00,-25.4,-24.1,-23.6
33,2024-11-04,22:30:00,2024-11-04 22:30:00,-25.3,-24,-23.5
34,2024-11-04,22:45:00,2024-11-04 22:45:00,-25.2,-23.9,-23.4
35,2024-11-04,23:00:00,2024-11-04 23:00:00,-25.1,-23.8,-23.3
36,2024-11-04,23:15:00,2024-11-04 23:15:00,-25,-23.7,-23.2
37,2024-11-04,23:30:00,2024-11-04 23:30:00,-24.9,-23.6,-23.1
38,2024-11-04,23:45:00,2024-11-04 23:45:00,-24.8,-23.5,-23
39,2024-11-05,0:00:00,2024-11-05 0:00:00,-24.7,-23.4,-22.9
40,2024-11-05,0:15:00,2024-11-05 0:15:00,-24.6,-23.3,-22.8
41,2024-11-05,0:30:00,2024-11-05 0:30:00,-24.5,-23.2,-22.7
42,2024-11-05,0:45:00,2024-11-05 0:45:00,-24.4,-23.1,-22.6
43,2024-11-05,1:00:00,2024-11-05 1:00:00,-24.3,-23,-22.5
44,2024-11-05,1:15:00,2024-11-05 1:15:00,-24.2,-22.9,-22.4
45,2024-11-05,1:30:00,2024-11-05 1:30:00,-24.1,-22.8,-22.3
46,2024-11-05,1:45:00,2024-11-05 1:45:00,-24,-22.7,-22.2
47,2024-11-05,2:00:00,2024-11-05 2:00:00,-23.9,-22.6,-22.1
48,2024-11-05,2:15:00,2024-11-05 2:15:00,-23.8,-22.5,-22
49,2024-11-05,2:30:00,2024-11-05 2:30:00,-23.7,-22.4,-21.9
50,2024-11-05,2:45:00,2024-11-05 2:45:00,-23.6,-22.3,-21.8
51,2024-11-05,3:00:00,2024-11-05 3:00:00,-23.5,-22.2,-21.7
52,2024-11-05,3:15:00,2024-11-05 3:15:00,-23.4,-22.1,-21.6
53,2024-11-05,3:30:00,2024-11-05 3:30:00,-23.3,-22,-21.5
54,2024-11-05,3:45:00,2024-11-05 3:45:00,-23.2,-21.9,-21.4
55,2024-11-05,4:00:00,2024-11-05 4:00:00,-23.1,-21.8,-21.3
56,2024-11-05,4:15:00,2024-11-05 4:15:00,-23,-21.7,-21.2
57,2024-11-05,4:30:00,2024-11-05 4:30:00,-22.9,-21.6,-21.1
58,2024-11-05,4:45:00,2024-11-05 4:45:00,-22.8,-21.5,-21
59,2024-11-05,5:00:00,2024-11-05 5:00:00,-22.7,-21.4,-20.9
60,2024-11-05,5:15:00,2024-11-05 5:15:00,-22.6,-21.3,-20.8
61,2024-11-05,5:30:00,2024-11-05 5:30:00,-22.7,-21.2,-20.7
62,2024-11-05,5:45:00,2024-11-05 5:45:00,-22.8,-21.1,-20.6
63,2024-11-05,6:00:00,2024-11-05 6:00:00,-22.9,-21,-20.5
64,2024-11-05,6:15:00,2024-11-05 6:15:00,-23,-21.3,-20.8
65,2024-11-05,6:30:00,2024-11-05 6:30:00,-23.1,-21.6,-21.1
66,2024-11-05,6:45:00,2024-11-05 6:45:00,-23.2,-21.9,-21.4
67,2024-11-05,7:00:00,2024-11-05 7:00:00,-23.3,-22.2,-21.7
68,2024-11-05,7:15:00,2024-11-05 7:15:00,-23.4,-22.5,-22
69,2024-11-05,7:30:00,2024-11-05 7:30:00,-23.5,-22.8,-22.3
70,2024-11-05,7:45:00,2024-11-05 7:45:00,-23.6,-23.1,-22.6
71,2024-11-05,8:00:00,2024-11-05 8:00:00,-23.7,-23.4,-22.9
72,2024-11-05,8:15:00,2024-11-05 8:15:00,-23.8,-23.7,-23.2
73,2024-11-05,8:30:00,2024-11-05 8:30:00,-24,-24.1,-23.6
74,2024-11-05,8:45:00,2024-11-05 8:45:00,-24.2,-24,-23.5
75,2024-11-05,9:00:00,2024-11-05 9:00:00,-24.4,-23.9,-23.4
76,2024-11-05,9:15:00,2024-11-05 9:15:00,-24.6,-23.8,-23.3
77,2024-11-05,9:30:00,2024-11-05 9:30:00,-24.8,-23.7,-23.2
78,2024-11-05,9:45:00,2024-11-05 9:45:00,-25,-23.6,-23.1
79,2024-11-05,10:00:00,2024-11-05 10:00:00,-25.2,-23.5,-23
80,2024-11-05,10:15:00,2024-11-05 10:15:00,-25.4,-23.4,-22.9
81,2024-11-05,10:30:00,2024-11-05 10:30:00,-25.6,-23.3,-22.8
82,2024-11-05,10:45:00,2024-11-05 10:45:00,-25.8,-23.2,-22.7
83,2024-11-05,11:00:00,2024-11-05 11:00:00,-26,-23.1,-22.6
84,2024-11-05,11:15:00,2024-11-05 11:15:00,-26.2,-23,-22.5
85,2024-11-05,11:30:00,2024-11-05 11:30:00,-26.4,-22.9,-22.4
86,2024-11-05,11:45:00,2024-11-05 11:45:00,-26.2,-22.8,-22.3
87,2024-11-05,12:00:00,2024-11-05 12:00:00,-26,-22.7,-22.2
88,2024-11-05,12:15:00,2024-11-05 12:15:00,-25.8,-22.6,-22.1
89,2024-11-05,12:30:00,2024-11-05 12:30:00,-25.6,-22.5,-22
90,2024-11-05,12:45:00,2024-11-05 12:45:00,-25.4,-22.6,-22.1
91,2024-11-05,13:00:00,2024-11-05 13:00:00,-25.2,-22.7,-22.2
92,2024-11-05,13:15:00,2024-11-05 13:15:00,-25,-22.8,-22.3
93,2024-11-05,13:30:00,2024-11-05 13:30:00,-24.8,-22.9,-22.4
94,2024-11-05,13:45:00,2024-11-05 13:45:00,-24.6,-23,-22.5
95,2024-11-05,14:00:00,2024-11-05 14:00:00,-24.4,-23.1,-22.6
96,2024-11-05,14:15:00,2024-11-05 14:15:00,-24.2,-23.2,-22.7
97,2024-11-05,14:30:00,2024-11-05 14:30:00,-24.4,-23.9,-23.4
98,2024-11-05,14:45:00,2024-11-05 14:45:00,-24.5,-23.8,-23.3
99,2024-11-05,15:00:00,2024-11-05 15:00:00,-24.6,-23.7,-23.2
100,2024-11-05,15:15:00,2024-11-05 15:15:00,-24.7,-23.6,-23.1
101,2024-11-05,15:30:00,2024-11-05 15:30:00,-24.8,-23.5,-23
102,2024-11-05,15:45:00,2024-11-05 15:45:00,-24.9,-23.4,-22.9
103,2024-11-05,16:00:00,2024-11-05 16:00:00,-25,-23.3,-22.8
104,2024-11-05,16:15:00,2024-11-05 16:15:00,-25.1,-23.2,-22.7
105,2024-11-05,16:30:00,2024-11-05 16:30:00,-25.2,-23.1,-22.6
106,2024-11-05,16:45:00,2024-11-05 16:45:00,-25.3,-23,-22.5
107,2024-11-05,17:00:00,2024-11-05 17:00:00,-25.4,-22.9,-22.4
108,2024-11-05,17:15:00,2024-11-05 17:15:00,-25.2,-22.8,-22.3
109,2024-11-05,17:30:00,2024-11-05 17:30:00,-25,-22.7,-22.2
110,2024-11-05,17:45:00,2024-11-05 17:45:00,-24.8,-22.6,-22.1
111,2024-11-05,18:00:00,2024-11-05 18:00:00,-24.6,-22.5,-22
112,2024-11-05,18:15:00,2024-11-05 18:15:00,-24.4,-22.4,-21.9
113,2024-11-05,18:30:00,2024-11-05 18:30:00,-24.2,-22.3,-21.8
114,2024-11-05,18:45:00,2024-11-05 18:45:00,-24,-22.5,-22
115,2024-11-05,19:00:00,2024-11-05 19:00:00,-23.8,-22.7,-22.2
116,2024-11-05,19:15:00,2024-11-05 19:15:00,-23.7,-22.6,-22.1
117,2024-11-05,19:30:00,2024-11-05 19:30:00,-23.8,-22.5,-22
118,2024-11-05,19:45:00,2024-11-05 19:45:00,-23.9,-22.4,-21.9
119,2024-11-05,20:00:00,2024-11-05 20:00:00,-24,-22.3,-21.8
120,2024-11-05,20:15:00,2024-11-05 20:15:00,-24.1,-22.2,-21.7
121,2024-11-05,20:30:00,2024-11-05 20:30:00,-24.2,-22.1,-21.6
122,2024-11-05,20:45:00,2024-11-05 20:45:00,-24.3,-22,-21.5
123,2024-11-05,21:00:00,2024-11-05 21:00:00,-24.4,-21.9,-21.4
124,2024-11-05,21:15:00,2024-11-05 21:15:00,-24.5,-21.8,-21.3
125,2024-11-05,21:30:00,2024-11-05 21:30:00,-24.6,-21.7,-21.2
126,2024-11-05,21:45:00,2024-11-05 21:45:00,-24.7,-21.6,-21.1
127,2024-11-05,22:00:00,2024-11-05 22:00:00,-24.8,-21.5,-21
128,2024-11-05,22:15:00,2024-11-05 22:15:00,-24.9,-21.4,-20.9
129,2024-11-05,22:30:00,2024-11-05 22:30:00,-25,-21.3,-20.8
130,2024-11-05,22:45:00,2024-11-05 22:45:00,-25.1,-21.2,-20.7
131,2024-11-05,23:00:00,2024-11-05 23:00:00,-25.2,-21.1,-20.6
132,2024-11-05,23:15:00,2024-11-05 23:15:00,-25.3,-21,-20.5
133,2024-11-05,23:30:00,2024-11-05 23:30:00,-25.4,-20.9,-20.4
134,2024-11-05,23:45:00,2024-11-05 23:45:00,-25.5,-20.8,-20.3
135,2024-11-06,0:00:00,2024-11-06 0:00:00,-25.6,-20.7,-20.2
136,2024-11-06,0:15:00,2024-11-06 0:15:00,-25.7,-20.6,-20.1
137,2024-11-06,0:30:00,2024-11-06 0:30:00,-25.8,-20.5,-20
138,2024-11-06,0:45:00,2024-11-06 0:45:00,-25.9,-20.4,-19.9
139,2024-11-06,1:00:00,2024-11-06 1:00:00,-26,-20.3,-19.8
140,2024-11-06,1:15:00,2024-11-06 1:15:00,-26.1,-20.2,-19.7
141,2024-11-06,1:30:00,2024-11-06 1:30:00,-26.2,-20.1,-19.6
142,2024-11-06,1:45:00,2024-11-06 1:45:00,-26.3,-20,-19.5
143,2024-11-06,2:00:00,2024-11-06 2:00:00,-26.4,-20.1,-19.6
144,2024-11-06,2:15:00,2024-11-06 2:15:00,-26.5,-20.2,-19.7
145,2024-11-06,2:30:00,2024-11-06 2:30:00,-26.6,-20.3,-19.8
146,2024-11-06,2:45:00,2024-11-06 2:45:00,-26.7,-20.4,-19.9
147,2024-11-06,3:00:00,2024-11-06 3:00:00,-26.8,-20.5,-20
148,2024-11-06,3:15:00,2024-11-06 3:15:00,-26.9,-20.6,-20.1
149,2024-11-06,3:30:00,2024-11-06 3:30:00,-27,-20.7,-20.2
150,2024-11-06,3:45:00,2024-11-06 3:45:00,-26.9,-20.8,-20.3
151,2024-11-06,4:00:00,2024-11-06 4:00:00,-26.8,-20.9,-20.4
152,2024-11-06,4:15:00,2024-11-06 4:15:00,-26.7,-21,-20.5
153,2024-11-06,4:30:00,2024-11-06 4:30:00,-26.6,-21.1,-20.6
154,2024-11-06,4:45:00,2024-11-06 4:45:00,-26.5,-21.2,-20.7
155,2024-11-06,5:00:00,2024-11-06 5:00:00,-26.4,-21.3,-20.8
156,2024-11-06,5:15:00,2024-11-06 5:15:00,-26.3,-21.4,-20.9
157,2024-11-06,5:30:00,2024-11-06 5:30:00,-26.2,-21.5,-21
158,2024-11-06,5:45:00,2024-11-06 5:45:00,-26.1,-21.6,-21.1
159,2024-11-06,6:00:00,2024-11-06 6:00:00,-26,-21.7,-21.2
160,2024-11-06,6:15:00,2024-11-06 6:15:00,-25.9,-21.8,-21.3
161,2024-11-06,6:30:00,2024-11-06 6:30:00,-25.8,-21.9,-21.4
162,2024-11-06,6:45:00,2024-11-06 6:45:00,-25.7,-22,-21.5
163,2024-11-06,7:00:00,2024-11-06 7:00:00,-25.6,-22.1,-21.6
164,2024-11-06,7:15:00,2024-11-06 7:15:00,-25.5,-22.2,-21.7
165,2024-11-06,7:30:00,2024-11-06 7:30:00,-25.4,-22.3,-21.8
166,2024-11-06,7:45:00,2024-11-06 7:45:00,-25.3,-22.4,-21.9
167,2024-11-06,8:00:00,2024-11-06 8:00:00,-25.2,-22.5,-22
168,2024-11-06,8:15:00,2024-11-06 8:15:00,-25.1,-22.6,-22.1
169,2024-11-06,8:30:00,2024-11-06 8:30:00,-25,-22.7,-22.2
170,2024-11-06,8:45:00,2024-11-06 8:45:00,-25,-23,-22.5
171,2024-11-06,9:00:00,2024-11-06 9:00:00,-24.8,-22.9,-22.4
172,2024-11-06,9:15:00,2024-11-06 9:15:00,-24.6,-22.8,-22.3
173,2024-11-06,9:30:00,2024-11-06 9:30:00,-24.4,-22.7,-22.2
174,2024-11-06,9:45:00,2024-11-06 9:45:00,-24.2,-22.6,-22.1
175,2024-11-06,10:00:00,2024-11-06 10:00:00,-24,-22.5,-22
176,2024-11-06,10:15:00,2024-11-06 10:15:00,-23.8,-22.4,-21.9
177,2024-11-06,10:30:00,2024-11-06 10:30:00,-23.6,-22.3,-21.8
178,2024-11-06,10:45:00,2024-11-06 10:45:00,-23.4,-22.2,-21.7
179,2024-11-06,11:00:00,2024-11-06 11:00:00,-23.2,-22.1,-21.6
180,2024-11-06,11:15:00,2024-11-06 11:15:00,-23,-22,-21.5
181,2024-11-06,11:30:00,2024-11-06 11:30:00,-22.8,-21.9,-21.4
182,2024-11-06,11:45:00,2024-11-06 11:45:00,-22.6,-21.8,-21.3
183,2024-11-06,12:00:00,2024-11-06 12:00:00,-22.4,-21.7,-21.2
184,2024-11-06,12:15:00,2024-11-06 12:15:00,-22.2,-21.6,-21.1
185,2024-11-06,12:30:00,2024-11-06 12:30:00,-22,-21.5,-21
186,2024-11-06,12:45:00,2024-11-06 12:45:00,-21.8,-21.4,-20.9
187,2024-11-06,13:00:00,2024-11-06 13:00:00,-21.6,-21.3,-20.8
188,2024-11-06,13:15:00,2024-11-06 13:15:00,-21.4,-21.2,-20.7
189,2024-11-06,13:30:00,2024-11-06 13:30:00,-21.2,-21.1,-20.6
190,2024-11-06,13:45:00,2024-11-06 13:45:00,-21,-21,-20.5
191,2024-11-06,14:00:00,2024-11-06 14:00:00,-20.8,-21.2,-20.7
192,2024-11-06,14:15:00,2024-11-06 14:15:00,-20.9,-21.4,-20.9
193,2024-11-06,14:30:00,2024-11-06 14:30:00,-21.1,-21.3,-20.8
194,2024-11-06,14:45:00,2024-11-06 14:45:00,-21.3,-21.2,-20.7
195,2024-11-06,15:00:00,2024-11-06 15:00:00,-21.5,-21.1,-20.6
196,2024-11-06,15:15:00,2024-11-06 15:15:00,-21.7,-21,-20.5
197,2024-11-06,15:30:00,2024-11-06 15:30:00,-21.9,-20.9,-20.4
198,2024-11-06,15:45:00,2024-11-06 15:45:00,-22.1,-20.8,-20.3
199,2024-11-06,16:00:00,2024-11-06 16:00:00,-22.3,-20.7,-20.2
200,2024-11-06,16:15:00,2024-11-06 16:15:00,-22.5,-20.6,-20.1
201,2024-11-06,16:30:00,2024-11-06 16:30:00,-22.7,-20.5,-20
202,2024-11-06,16:45:00,2024-11-06 16:45:00,-22.9,-20.4,-19.9
203,2024-11-06,17:00:00,2024-11-06 17:00:00,-23.1,-20.3,-19.8
204,2024-11-06,17:15:00,2024-11-06 17:15:00,-23.3,-20.2,-19.7
205,2024-11-06,17:30:00,2024-11-06 17:30:00,-23.5,-20.1,-19.6
206,2024-11-06,17:45:00,2024-11-06 17:45:00,-23.7,-20,-19.5
207,2024-11-06,18:00:00,2024-11-06 18:00:00,-23.9,-19.9,-19.4
208,2024-11-06,18:15:00,2024-11-06 18:15:00,-24.1,-19.8,-19.3
209,2024-11-06,18:30:00,2024-11-06 18:30:00,-24.3,-19.7,-19.2
210,2024-11-06,18:45:00,2024-11-06 18:45:00,-24.5,-19.6,-19.1
211,2024-11-06,19:00:00,2024-11-06 19:00:00,-24.2,-19.5,-19
212,2024-11-06,19:15:00,2024-11-06 19:15:00,-23.9,-19.8,-19.3
213,2024-11-06,19:30:00,2024-11-06 19:30:00,-23.6,-20.1,-19.6
214,2024-11-06,19:45:00,2024-11-06 19:45:00,-23.3,-20.4,-19.9
215,2024-11-06,20:00:00,2024-11-06 20:00:00,-23,-20.7,-20.2
216,2024-11-06,20:15:00,2024-11-06 20:15:00,-22.7,-21,-20.5
217,2024-11-06,20:30:00,2024-11-06 20:30:00,-22.4,-21.3,-20.8
218,2024-11-06,20:45:00,2024-11-06 20:45:00,-22.1,-21.6,-21.1
219,2024-11-06,21:00:00,2024-11-06 21:00:00,-21.8,-21.9,-21.4
220,2024-11-06,21:15:00,2024-11-06 21:15:00,-21.5,-22.2,-21.7
221,2024-11-06,21:30:00,2024-11-06 21:30:00,-21.6,-22.5,-22
222,2024-11-06,21:45:00,2024-11-06 21:45:00,-21.8,-22.4,-21.9
223,2024-11-06,22:00:00,2024-11-06 22:00:00,-22,-22.3,-21.8
224,2024-11-06,22:15:00,2024-11-06 22:15:00,-22.2,-22.2,-21.7
225,2024-11-06,22:30:00,2024-11-06 22:30:00,-22.4,-22.1,-21.6
226,2024-11-06,22:45:00,2024-11-06 22:45:00,-22.6,-22,-21.5
227,2024-11-06,23:00:00,2024-11-06 23:00:00,-22.8,-21.9,-21.4
228,2024-11-06,23:15:00,2024-11-06 23:15:00,-23,-21.8,-21.3
229,2024-11-06,23:30:00,2024-11-06 23:30:00,-23.2,-21.7,-21.2
230,2024-11-06,23:45:00,2024-11-06 23:45:00,-23.4,-21.6,-21.1
231,2024-11-07,0:00:00,2024-11-07 0:00:00,-23.6,-21.5,-21
232,2024-11-07,0:15:00,2024-11-07 0:15:00,-23.8,-21.4,-20.9
233,2024-11-07,0:30:00,2024-11-07 0:30:00,-24,-21.3,-20.8
234,2024-11-07,0:45:00,2024-11-07 0:45:00,-24.2,-21.2,-20.7
235,2024-11-07,1:00:00,2024-11-07 1:00:00,-24.4,-21.1,-20.6
236,2024-11-07,1:15:00,2024-11-07 1:15:00,-24.6,-21,-20.5
237,2024-11-07,1:30:00,2024-11-07 1:30:00,-24.8,-20.9,-20.4
238,2024-11-07,1:45:00,2024-11-07 1:45:00,-25,-21,-20.5
239,2024-11-07,2:00:00,2024-11-07 2:00:00,-25.2,-21.1,-20.6
240,2024-11-07,2:15:00,2024-11-07 2:15:00,-25.4,-21.2,-20.7
241,2024-11-07,2:30:00,2024-11-07 2:30:00,-25.6,-21.3,-20.8
242,2024-11-07,2:45:00,2024-11-07 2:45:00,-25.8,-21.4,-20.9
243,2024-11-07,3:00:00,2024-11-07 3:00:00,-26,-21.5,-21
244,2024-11-07,3:15:00,2024-11-07 3:15:00,-26.2,-21.6,-21.1
245,2024-11-07,3:30:00,2024-11-07 3:30:00,-26.4,-21.7,-21.2
246,2024-11-07,3:45:00,2024-11-07 3:45:00,-26.6,-21.8,-21.3
247,2024-11-07,4:00:00,2024-11-07 4:00:00,-26.8,-21.9,-21.4
248,2024-11-07,4:15:00,2024-11-07 4:15:00,-26.7,-22,-21.5
249,2024-11-07,4:30:00,2024-11-07 4:30:00,-26.6,-22.1,-21.6
250,2024-11-07,4:45:00,2024-11-07 4:45:00,-26.5,-22.2,-21.7
251,2024-11-07,5:00:00,2024-11-07 5:00:00,-26.4,-22.3,-21.8
252,2024-11-07,5:15:00,2024-11-07 5:15:00,-26.3,-22.4,-21.9
253,2024-11-07,5:30:00,2024-11-07 5:30:00,-26.2,-22.5,-22
254,2024-11-07,5:45:00,2024-11-07 5:45:00,-26.1,-22.6,-22.1
255,2024-11-07,6:00:00,2024-11-07 6:00:00,-26,-22.7,-22.2
256,2024-11-07,6:15:00,2024-11-07 6:15:00,-25.9,-22.8,-22.3
257,2024-11-07,6:30:00,2024-11-07 6:30:00,-25.8,-22.9,-22.4
258,2024-11-07,6:45:00,2024-11-07 6:45:00,-25.7,-23,-22.5
259,2024-11-07,7:00:00,2024-11-07 7:00:00,-25.6,-23.1,-22.6
260,2024-11-07,7:15:00,2024-11-07 7:15:00,-25.5,-23.2,-22.7
261,2024-11-07,7:30:00,2024-11-07 7:30:00,-25.4,-23.3,-22.8
262,2024-11-07,7:45:00,2024-11-07 7:45:00,-25.3,-23.4,-22.9
263,2024-11-07,8:00:00,2024-11-07 8:00:00,-25.2,-23.5,-23
264,2024-11-07,8:15:00,2024-11-07 8:15:00,-25.1,-23.6,-23.1
265,2024-11-07,8:30:00,2024-11-07 8:30:00,-25,-23.7,-23.2
266,2024-11-07,8:45:00,2024-11-07 8:45:00,-24.9,-23.8,-23.3
267,2024-11-07,9:00:00,2024-11-07 9:00:00,-24.8,-23.9,-23.4
268,2024-11-07,9:15:00,2024-11-07 9:15:00,-24.7,-24,-23.5
269,2024-11-07,9:30:00,2024-11-07 9:30:00,-24.6,-24.1,-23.6
270,2024-11-07,9:45:00,2024-11-07 9:45:00,-24.5,-24.2,-23.7
271,2024-11-07,10:00:00,2024-11-07 10:00:00,-24.4,-24.3,-23.8
272,2024-11-07,10:15:00,2024-11-07 10:15:00,-24.3,-24.4,-23.9
273,2024-11-07,10:30:00,2024-11-07 10:30:00,-24.2,-24.2,-23.7
274,2024-11-07,10:45:00,2024-11-07 10:45:00,-24.1,-24,-23.5
275,2024-11-07,11:00:00,2024-11-07 11:00:00,-24.4,-23.9,-23.4
276,2024-11-07,11:15:00,2024-11-07 11:15:00,-24.5,-23.8,-23.3
277,2024-11-07,11:30:00,2024-11-07 11:30:00,-24.6,-23.7,-23.2
278,2024-11-07,11:45:00,2024-11-07 11:45:00,-24.7,-23.6,-23.1
279,2024-11-07,12:00:00,2024-11-07 12:00:00,-24.8,-23.5,-23
280,2024-11-07,12:15:00,2024-11-07 12:15:00,-24.9,-23.4,-22.9
281,2024-11-07,12:30:00,2024-11-07 12:30:00,-25,-23.3,-22.8
282,2024-11-07,12:45:00,2024-11-07 12:45:00,-25.1,-23.2,-22.7
283,2024-11-07,13:00:00,2024-11-07 13:00:00,-25.2,-23.1,-22.6
284,2024-11-07,13:15:00,2024-11-07 13:15:00,-25.3,-23,-22.5
285,2024-11-07,13:30:00,2024-11-07 13:30:00,-25.4,-22.9,-22.4
286,2024-11-07,13:45:00,2024-11-07 13:45:00,-25.5,-22.8,-22.3
287,2024-11-07,14:00:00,2024-11-07 14:00:00,-25.6,-22.7,-22.2
288,2024-11-07,14:15:00,2024-11-07 14:15:00,-25.7,-22.6,-22.1
289,2024-11-07,14:30:00,2024-11-07 14:30:00,-25.8,-22.5,-22
290,2024-11-07,14:45:00,2024-11-07 14:45:00,-25.9,-22.4,-21.9
291,2024-11-07,15:00:00,2024-11-07 15:00:00,-26,-22.3,-21.8
292,2024-11-07,15:15:00,2024-11-07 15:15:00,-26.1,-22.2,-21.7
293,2024-11-07,15:30:00,2024-11-07 15:30:00,-26.2,-22.1,-21.6
294,2024-11-07,15:45:00,2024-11-07 15:45:00,-26.3,-22,-21.5
295,2024-11-07,16:00:00,2024-11-07 16:00:00,-26.1,-21.9,-21.4
296,2024-11-07,16:15:00,2024-11-07 16:15:00,-25.9,-21.8,-21.3
297,2024-11-07,16:30:00,2024-11-07 16:30:00,-25.7,-21.7,-21.2
298,2024-11-07,16:45:00,2024-11-07 16:45:00,-25.5,-21.6,-21.1
299,2024-11-07,17:00:00,2024-11-07 17:00:00,-25.3,-21.7,-21.2
300,2024-11-07,17:15:00,2024-11-07 17:15:00,-25.1,-21.8,-21.3
301,2024-11-07,17:30:00,2024-11-07 17:30:00,-24.9,-21.9,-21.4
302,2024-11-07,17:45:00,2024-11-07 17:45:00,-24.7,-22,-21.5
303,2024-11-07,18:00:00,2024-11-07 18:00:00,-24.5,-22.1,-21.6
304,2024-11-07,18:15:00,2024-11-07 18:15:00,-24.3,-22.2,-21.7
305,2024-11-07,18:30:00,2024-11-07 18:30:00,-23.7,-22.6,-22.1
306,2024-11-07,18:45:00,2024-11-07 18:45:00,-23.8,-22.5,-22
307,2024-11-07,19:00:00,2024-11-07 19:00:00,-23.9,-22.4,-21.9
308,2024-11-07,19:15:00,2024-11-07 19:15:00,-24,-22.3,-21.8
309,2024-11-07,19:30:00,2024-11-07 19:30:00,-24.1,-22.2,-21.7
310,2024-11-07,19:45:00,2024-11-07 19:45:00,-24.2,-22.1,-21.6
311,2024-11-07,20:00:00,2024-11-07 20:00:00,-24.3,-22,-21.5
312,2024-11-07,20:15:00,2024-11-07 20:15:00,-24.4,-21.9,-21.4
313,2024-11-07,20:30:00,2024-11-07 20:30:00,-24.5,-21.8,-21.3
314,2024-11-07,20:45:00,2024-11-07 20:45:00,-24.6,-21.7,-21.2
315,2024-11-07,21:00:00,2024-11-07 21:00:00,-24.7,-21.6,-21.1
316,2024-11-07,21:15:00,2024-11-07 21:15:00,-24.8,-21.5,-21
317,2024-11-07,21:30:00,2024-11-07 21:30:00,-24.9,-21.4,-20.9
318,2024-11-07,21:45:00,2024-11-07 21:45:00,-25,-21.3,-20.8
319,2024-11-07,22:00:00,2024-11-07 22:00:00,-25.1,-21.2,-20.7
320,2024-11-07,22:15:00,2024-11-07 22:15:00,-25.2,-21.1,-20.6
321,2024-11-07,22:30:00,2024-11-07 22:30:00,-25.3,-21,-20.5
322,2024-11-07,22:45:00,2024-11-07 22:45:00,-25.4,-20.9,-20.4
323,2024-11-07,23:00:00,2024-11-07 23:00:00,-25.5,-20.8,-20.3
324,2024-11-07,23:15:00,2024-11-07 23:15:00,-25.2,-20.7,-20.2
325,2024-11-07,23:30:00,2024-11-07 23:30:00,-24.9,-20.6,-20.1
326,2024-11-07,23:45:00,2024-11-07 23:45:00,-24.6,-20.5,-20
327,2024-11-08,0:00:00,2024-11-08 0:00:00,-24.3,-20.4,-19.9
328,2024-11-08,0:15:00,2024-11-08 0:15:00,-24,-20.7,-20.2
329,2024-11-08,0:30:00,2024-11-08 0:30:00,-23.7,-21,-20.5
330,2024-11-08,0:45:00,2024-11-08 0:45:00,-23.4,-21.3,-20.8
331,2024-11-08,1:00:00,2024-11-08 1:00:00,-23.1,-21.6,-21.1
332,2024-11-08,1:15:00,2024-11-08 1:15:00,-22.8,-21.9,-21.4
333,2024-11-08,1:30:00,2024-11-08 1:30:00,-22.5,-22.2,-21.7
334,2024-11-08,1:45:00,2024-11-08 1:45:00,-22.4,-22.4,-21.9
335,2024-11-08,2:00:00,2024-11-08 2:00:00,-22.6,-22.3,-21.8
336,2024-11-08,2:15:00,2024-11-08 2:15:00,-22.8,-22.2,-21.7
337,2024-11-08,2:30:00,2024-11-08 2:30:00,-23,-22.1,-21.6
338,2024-11-08,2:45:00,2024-11-08 2:45:00,-23.2,-22,-21.5
339,2024-11-08,3:00:00,2024-11-08 3:00:00,-23.4,-21.9,-21.4
340,2024-11-08,3:15:00,2024-11-08 3:15:00,-23.6,-21.8,-21.3
341,2024-11-08,3:30:00,2024-11-08 3:30:00,-23.8,-21.7,-21.2
342,2024-11-08,3:45:00,2024-11-08 3:45:00,-24,-21.6,-21.1
343,2024-11-08,4:00:00,2024-11-08 4:00:00,-24.2,-21.5,-21
344,2024-11-08,4:15:00,2024-11-08 4:15:00,-24.4,-21.4,-20.9
345,2024-11-08,4:30:00,2024-11-08 4:30:00,-24.6,-21.3,-20.8
346,2024-11-08,4:45:00,2024-11-08 4:45:00,-24.8,-21.2,-20.7
347,2024-11-08,5:00:00,2024-11-08 5:00:00,-25,-21.1,-20.6
348,2024-11-08,5:15:00,2024-11-08 5:15:00,-25.2,-21,-20.5
349,2024-11-08,5:30:00,2024-11-08 5:30:00,-25.4,-20.9,-20.4
350,2024-11-08,5:45:00,2024-11-08 5:45:00,-25.6,-20.8,-20.3
351,2024-11-08,6:00:00,2024-11-08 6:00:00,-25.8,-20.7,-20.2
352,2024-11-08,6:15:00,2024-11-08 6:15:00,-26,-20.6,-20.1
353,2024-11-08,6:30:00,2024-11-08 6:30:00,-26.2,-20.5,-20
354,2024-11-08,6:45:00,2024-11-08 6:45:00,-26.4,-20.4,-19.9
355,2024-11-08,7:00:00,2024-11-08 7:00:00,-26.6,-20.3,-19.8
356,2024-11-08,7:15:00,2024-11-08 7:15:00,-26.8,-20.2,-19.7
357,2024-11-08,7:30:00,2024-11-08 7:30:00,-27,-20.5,-20
358,2024-11-08,7:45:00,2024-11-08 7:45:00,-27.2,-20.8,-20.3
359,2024-11-08,8:00:00,2024-11-08 8:00:00,-27.4,-21.1,-20.6
360,2024-11-08,8:15:00,2024-11-08 8:15:00,-27.6,-21.4,-20.9
361,2024-11-08,8:30:00,2024-11-08 8:30:00,-27.8,-21.7,-21.2
362,2024-11-08,8:45:00,2024-11-08 8:45:00,-28,-22,-21.5
363,2024-11-08,9:00:00,2024-11-08 9:00:00,-28.2,-22.3,-21.8
364,2024-11-08,9:15:00,2024-11-08 9:15:00,-28.4,-22.6,-22.1
365,2024-11-08,9:30:00,2024-11-08 9:30:00,-28.6,-22.9,-22.4
366,2024-11-08,9:45:00,2024-11-08 9:45:00,-28.5,-23.2,-22.7
367,2024-11-08,10:00:00,2024-11-08 10:00:00,-28.4,-23.5,-23
368,2024-11-08,10:15:00,2024-11-08 10:15:00,-28.3,-23.8,-23.3
369,2024-11-08,10:30:00,2024-11-08 10:30:00,-28.2,-24.1,-23.6
370,2024-11-08,10:45:00,2024-11-08 10:45:00,-28.1,-24.4,-23.9
371,2024-11-08,11:00:00,2024-11-08 11:00:00,-28,-24.7,-24.2
372,2024-11-08,11:15:00,2024-11-08 11:15:00,-27.9,-25,-24.5
373,2024-11-08,11:30:00,2024-11-08 11:30:00,-27.8,-25.3,-24.8
374,2024-11-08,11:45:00,2024-11-08 11:45:00,-27.7,-25.6,-25.1
375,2024-11-08,12:00:00,2024-11-08 12:00:00,-27.6,-25.9,-25.4
376,2024-11-08,12:15:00,2024-11-08 12:15:00,-27.5,-26.2,-25.7
377,2024-11-08,12:30:00,2024-11-08 12:30:00,-27.4,-26.5,-26
378,2024-11-08,12:45:00,2024-11-08 12:45:00,-27.3,-26.8,-26.3
379,2024-11-08,13:00:00,2024-11-08 13:00:00,-27.2,-27.1,-26.6
380,2024-11-08,13:15:00,2024-11-08 13:15:00,-27.1,-26.8,-26.3
381,2024-11-08,13:30:00,2024-11-08 13:30:00,-27,-26.5,-26
382,2024-11-08,13:45:00,2024-11-08 13:45:00,-26.9,-26.2,-25.7
383,2024-11-08,14:00:00,2024-11-08 14:00:00,-26.8,-25.9,-25.4
384,2024-11-08,14:15:00,2024-11-08 14:15:00,-26.7,-25.6,-25.1
385,2024-11-08,14:30:00,2024-11-08 14:30:00,-26.6,-25.3,-24.8
386,2024-11-08,14:45:00,2024-11-08 14:45:00,-26.5,-25,-24.5
387,2024-11-08,15:00:00,2024-11-08 15:00:00,-26.2,-24.7,-24.2
388,2024-11-08,15:15:00,2024-11-08 15:15:00,-25.9,-24.4,-23.9
389,2024-11-08,15:30:00,2024-11-08 15:30:00,-25.6,-24.1,-23.6
390,2024-11-08,15:45:00,2024-11-08 15:45:00,-25.3,-23.8,-23.3
391,2024-11-08,16:00:00,2024-11-08 16:00:00,-25,-23.5,-23
392,2024-11-08,16:15:00,2024-11-08 16:15:00,-24.7,-23.2,-22.7
393,2024-11-08,16:30:00,2024-11-08 16:30:00,-24.4,-22.9,-22.4
394,2024-11-08,16:45:00,2024-11-08 16:45:00,-24.1,-22.6,-22.1
395,2024-11-08,17:00:00,2024-11-08 17:00:00,-23.8,-22.3,-21.8
396,2024-11-08,17:15:00,2024-11-08 17:15:00,-23.5,-22,-21.5
397,2024-11-08,17:30:00,2024-11-08 17:30:00,-23.2,-21.7,-21.2
398,2024-11-08,17:45:00,2024-11-08 17:45:00,-22.9,-22,-21.5
399,2024-11-08,18:00:00,2024-11-08 18:00:00,-22,-22.1,-21.6
400,2024-11-08,18:15:00,2024-11-08 18:15:00,-22.2,-22,-21.5
401,2024-11-08,18:30:00,2024-11-08 18:30:00,-22.4,-21.9,-21.4
402,2024-11-08,18:45:00,2024-11-08 18:45:00,-22.6,-21.8,-21.3
403,2024-11-08,19:00:00,2024-11-08 19:00:00,-22.8,-21.7,-21.2
404,2024-11-08,19:15:00,2024-11-08 19:15:00,-23,-21.6,-21.1
405,2024-11-08,19:30:00,2024-11-08 19:30:00,-23.2,-21.5,-21
406,2024-11-08,19:45:00,2024-11-08 19:45:00,-23.4,-21.4,-20.9
407,2024-11-08,20:00:00,2024-11-08 20:00:00,-23.6,-21.3,-20.8
408,2024-11-08,20:15:00,2024-11-08 20:15:00,-23.8,-21.2,-20.7
409,2024-11-08,20:30:00,2024-11-08 20:30:00,-24,-21.1,-20.6
410,2024-11-08,20:45:00,2024-11-08 20:45:00,-24.2,-21,-20.5
411,2024-11-08,21:00:00,2024-11-08 21:00:00,-24.4,-20.9,-20.4
412,2024-11-08,21:15:00,2024-11-08 21:15:00,-24.6,-20.8,-20.3
413,2024-11-08,21:30:00,2024-11-08 21:30:00,-24.8,-20.7,-20.2
414,2024-11-08,21:45:00,2024-11-08 21:45:00,-25,-20.6,-20.1
415,2024-11-08,22:00:00,2024-11-08 22:00:00,-25.2,-20.5,-20
416,2024-11-08,22:15:00,2024-11-08 22:15:00,-25.4,-20.4,-19.9
417,2024-11-08,22:30:00,2024-11-08 22:30:00,-25.6,-20.3,-19.8
418,2024-11-08,22:45:00,2024-11-08 22:45:00,-25.8,-20.2,-19.7
419,2024-11-08,23:00:00,2024-11-08 23:00:00,-26,-20.1,-19.6
420,2024-11-08,23:15:00,2024-11-08 23:15:00,-26.2,-20,-19.5
421,2024-11-08,23:30:00,2024-11-08 23:30:00,-26.4,-19.9,-19.4
422,2024-11-08,23:45:00,2024-11-08 23:45:00,-26.6,-19.8,-19.3
423,2024-11-09,0:00:00,2024-11-09 0:00:00,-26.8,-19.7,-19.2
424,2024-11-09,0:15:00,2024-11-09 0:15:00,-27,-19.6,-19.1
425,2024-11-09,0:30:00,2024-11-09 0:30:00,-27.2,-19.5,-19
426,2024-11-09,0:45:00,2024-11-09 0:45:00,-27.4,-19.4,-18.9
427,2024-11-09,1:00:00,2024-11-09 1:00:00,-27.6,-19.3,-18.8
428,2024-11-09,1:15:00,2024-11-09 1:15:00,-27.8,-19.2,-18.7
429,2024-11-09,1:30:00,2024-11-09 1:30:00,-28,-19.1,-18.6
430,2024-11-09,1:45:00,2024-11-09 1:45:00,-28.2,-19,-18.5
431,2024-11-09,2:00:00,2024-11-09 2:00:00,-27.8,-19.3,-18.8
432,2024-11-09,2:15:00,2024-11-09 2:15:00,-27.4,-19.6,-19.1
433,2024-11-09,2:30:00,2024-11-09 2:30:00,-27,-19.9,-19.4
434,2024-11-09,2:45:00,2024-11-09 2:45:00,-26.6,-20.2,-19.7
435,2024-11-09,3:00:00,2024-11-09 3:00:00,-26.2,-20.5,-20
436,2024-11-09,3:15:00,2024-11-09 3:15:00,-25.8,-20.8,-20.3
437,2024-11-09,3:30:00,2024-11-09 3:30:00,-25.4,-21.1,-20.6
438,2024-11-09,3:45:00,2024-11-09 3:45:00,-25,-21.4,-20.9
439,2024-11-09,4:00:00,2024-11-09 4:00:00,-24.6,-21.7,-21.2
440,2024-11-09,4:15:00,2024-11-09 4:15:00,-24.2,-22,-21.5
441,2024-11-09,4:30:00,2024-11-09 4:30:00,-23.8,-22.3,-21.8
442,2024-11-09,4:45:00,2024-11-09 4:45:00,-23.4,-22.6,-22.1
443,2024-11-09,5:00:00,2024-11-09 5:00:00,-23,-22.9,-22.4
444,2024-11-09,5:15:00,2024-11-09 5:15:00,-22.6,-22.8,-22.3
445,2024-11-09,5:30:00,2024-11-09 5:30:00,-22.2,-22.7,-22.2
446,2024-11-09,5:45:00,2024-11-09 5:45:00,-22,-22.6,-22.1
447,2024-11-09,6:00:00,2024-11-09 6:00:00,-21.8,-22.5,-22
448,2024-11-09,6:15:00,2024-11-09 6:15:00,-21.6,-22.4,-21.9
449,2024-11-09,6:30:00,2024-11-09 6:30:00,-21.4,-22.3,-21.8
450,2024-11-09,6:45:00,2024-11-09 6:45:00,-21.2,-22.2,-21.7
451,2024-11-09,7:00:00,2024-11-09 7:00:00,-20.8,-21.8,-21.3
452,2024-11-09,7:15:00,2024-11-09 7:15:00,-20.9,-21.7,-21.2
453,2024-11-09,7:30:00,2024-11-09 7:30:00,-21,-21.6,-21.1
454,2024-11-09,7:45:00,2024-11-09 7:45:00,-21,-22.6,-22.1
455,2024-11-09,8:00:00,2024-11-09 8:00:00,-21.6,-22.2,-21.7
456,2024-11-09,8:15:00,2024-11-09 8:15:00,-22.2,-21.8,-21.3
457,2024-11-09,8:30:00,2024-11-09 8:30:00,-22.8,-21.4,-20.9
458,2024-11-09,8:45:00,2024-11-09 8:45:00,-23,-21.6,-21.1
459,2024-11-09,9:00:00,2024-11-09 9:00:00,-23.3,-21.5,-21
460,2024-11-09,9:15:00,2024-11-09 9:15:00,-23.6,-21.4,-20.9
461,2024-11-09,9:30:00,2024-11-09 9:30:00,-23.9,-21.3,-20.8
462,2024-11-09,9:45:00,2024-11-09 9:45:00,-24.2,-21.2,-20.7
463,2024-11-09,10:00:00,2024-11-09 10:00:00,-24.5,-21.1,-20.6
464,2024-11-09,10:15:00,2024-11-09 10:15:00,-24.8,-21,-20.5
465,2024-11-09,10:30:00,2024-11-09 10:30:00,-25.1,-20.9,-20.4
466,2024-11-09,10:45:00,2024-11-09 10:45:00,-25.4,-20.8,-20.3
467,2024-11-09,11:00:00,2024-11-09 11:00:00,-25.7,-20.7,-20.2
468,2024-11-09,11:15:00,2024-11-09 11:15:00,-26,-20.6,-20.1
469,2024-11-09,11:30:00,2024-11-09 11:30:00,-26.3,-20.5,-20
470,2024-11-09,11:45:00,2024-11-09 11:45:00,-26.6,-20.4,-19.9
471,2024-11-09,12:00:00,2024-11-09 12:00:00,-26.1,-20.3,-19.8
472,2024-11-09,12:15:00,2024-11-09 12:15:00,-25.6,-20.2,-19.7
473,2024-11-09,12:30:00,2024-11-09 12:30:00,-25.1,-20.5,-20
474,2024-11-09,12:45:00,2024-11-09 12:45:00,-24.6,-20.8,-20.3
475,2024-11-09,13:00:00,2024-11-09 13:00:00,-24.1,-21.1,-20.6
476,2024-11-09,13:15:00,2024-11-09 13:15:00,-23.6,-21.4,-20.9
477,2024-11-09,13:30:00,2024-11-09 13:30:00,-23.1,-21.7,-21.2
478,2024-11-09,13:45:00,2024-11-09 13:45:00,-22.6,-22,-21.5
479,2024-11-09,14:00:00,2024-11-09 14:00:00,-22.1,-22.3,-21.8
480,2024-11-09,14:15:00,2024-11-09 14:15:00,-21.6,-22.6,-22.1
481,2024-11-09,14:30:00,2024-11-09 14:30:00,-21.1,-22.2,-21.7
482,2024-11-09,14:45:00,2024-11-09 14:45:00,-20.6,-21.8,-21.3
483,2024-11-09,15:00:00,2024-11-09 15:00:00,-20.9,-21.4,-20.9
484,2024-11-09,15:15:00,2024-11-09 15:15:00,-21,-21.3,-20.8
485,2024-11-09,15:30:00,2024-11-09 15:30:00,-21.1,-21.2,-20.7
486,2024-11-09,15:45:00,2024-11-09 15:45:00,-21.2,-21.1,-20.6
487,2024-11-09,16:00:00,2024-11-09 16:00:00,-21.3,-21,-20.5
488,2024-11-09,16:15:00,2024-11-09 16:15:00,-21.4,-20.9,-20.4
489,2024-11-09,16:30:00,2024-11-09 16:30:00,-21.5,-20.8,-20.3
490,2024-11-09,16:45:00,2024-11-09 16:45:00,-21.6,-20.7,-20.2
491,2024-11-09,17:00:00,2024-11-09 17:00:00,-21.7,-20.6,-20.1
492,2024-11-09,17:15:00,2024-11-09 17:15:00,-21.8,-20.5,-20
493,2024-11-09,17:30:00,2024-11-09 17:30:00,-21.9,-20.8,-20.3
494,2024-11-09,17:45:00,2024-11-09 17:45:00,-22,-21.1,-20.6
495,2024-11-09,18:00:00,2024-11-09 18:00:00,-22.1,-21.4,-20.9
496,2024-11-09,18:15:00,2024-11-09 18:15:00,-22.2,-21.7,-21.2
497,2024-11-09,18:30:00,2024-11-09 18:30:00,-22,-21.6,-21.1
498,2024-11-09,18:45:00,2024-11-09 18:45:00,-22.2,-21.5,-21
499,2024-11-09,19:00:00,2024-11-09 19:00:00,-22.4,-21.4,-20.9
500,2024-11-09,19:15:00,2024-11-09 19:15:00,-22.6,-21.3,-20.8
501,2024-11-09,19:30:00,2024-11-09 19:30:00,-22.8,-21.2,-20.7
502,2024-11-09,19:45:00,2024-11-09 19:45:00,-23,-21.1,-20.6
503,2024-11-09,20:00:00,2024-11-09 20:00:00,-23.2,-21,-20.5
504,2024-11-09,20:15:00,2024-11-09 20:15:00,-23.4,-20.9,-20.4
505,2024-11-09,20:30:00,2024-11-09 20:30:00,-23.6,-20.8,-20.3
506,2024-11-09,20:45:00,2024-11-09 20:45:00,-23.8,-20.7,-20.2
507,2024-11-09,21:00:00,2024-11-09 21:00:00,-24,-20.6,-20.1
508,2024-11-09,21:15:00,2024-11-09 21:15:00,-24.2,-20.5,-20
509,2024-11-09,21:30:00,2024-11-09 21:30:00,-24.4,-20.4,-19.9
510,2024-11-09,21:45:00,2024-11-09 21:45:00,-24.6,-20.5,-20
511,2024-11-09,22:00:00,2024-11-09 22:00:00,-24.8,-20.6,-20.1
512,2024-11-09,22:15:00,2024-11-09 22:15:00,-25,-20.7,-20.2
513,2024-11-09,22:30:00,2024-11-09 22:30:00,-25.2,-20.8,-20.3
514,2024-11-09,22:45:00,2024-11-09 22:45:00,-25.4,-20.9,-20.4
515,2024-11-09,23:00:00,2024-11-09 23:00:00,-25.6,-21,-20.5
516,2024-11-09,23:15:00,2024-11-09 23:15:00,-25.8,-21.1,-20.6
517,2024-11-09,23:30:00,2024-11-09 23:30:00,-26,-21.2,-20.7
518,2024-11-09,23:45:00,2024-11-09 23:45:00,-26.2,-21.3,-20.8
519,2024-11-10,0:00:00,2024-11-10 0:00:00,-26,-21.4,-20.9
520,2024-11-10,0:15:00,2024-11-10 0:15:00,-25.8,-21.5,-21
521,2024-11-10,0:30:00,2024-11-10 0:30:00,-25.6,-21.6,-21.1
522,2024-11-10,0:45:00,2024-11-10 0:45:00,-25.4,-21.7,-21.2
523,2024-11-10,1:00:00,2024-11-10 1:00:00,-25.2,-21.8,-21.3
524,2024-11-10,1:15:00,2024-11-10 1:15:00,-25,-21.9,-21.4
525,2024-11-10,1:30:00,2024-11-10 1:30:00,-24.8,-22,-21.5
526,2024-11-10,1:45:00,2024-11-10 1:45:00,-24.6,-22.1,-21.6
527,2024-11-10,2:00:00,2024-11-10 2:00:00,-24.4,-22.2,-21.7
528,2024-11-10,2:15:00,2024-11-10 2:15:00,-24.2,-22.3,-21.8
529,2024-11-10,2:30:00,2024-11-10 2:30:00,-24,-22.4,-21.9
530,2024-11-10,2:45:00,2024-11-10 2:45:00,-23.8,-22.5,-22
531,2024-11-10,3:00:00,2024-11-10 3:00:00,-23.6,-22.6,-22.1
532,2024-11-10,3:15:00,2024-11-10 3:15:00,-23.4,-22.7,-22.2
533,2024-11-10,3:30:00,2024-11-10 3:30:00,-23.3,-22.8,-22.3
534,2024-11-10,3:45:00,2024-11-10 3:45:00,-23.2,-22.9,-22.4
535,2024-11-10,4:00:00,2024-11-10 4:00:00,-23.1,-23,-22.5
536,2024-11-10,4:15:00,2024-11-10 4:15:00,-23,-23.1,-22.6
537,2024-11-10,4:30:00,2024-11-10 4:30:00,-22.9,-22.9,-22.4
538,2024-11-10,4:45:00,2024-11-10 4:45:00,-22.8,-22.7,-22.2
539,2024-11-10,5:00:00,2024-11-10 5:00:00,-22.7,-22.5,-22
540,2024-11-10,5:15:00,2024-11-10 5:15:00,-22.6,-22.3,-21.8
541,2024-11-10,5:30:00,2024-11-10 5:30:00,-22.5,-22.1,-21.6
542,2024-11-10,5:45:00,2024-11-10 5:45:00,-22.4,-21.9,-21.4
543,2024-11-10,6:00:00,2024-11-10 6:00:00,-22.3,-21.7,-21.2
544,2024-11-10,6:15:00,2024-11-10 6:15:00,-22.2,-21.5,-21
545,2024-11-10,6:30:00,2024-11-10 6:30:00,-22.1,-21.3,-20.8
546,2024-11-10,6:45:00,2024-11-10 6:45:00,-22,-21.1,-20.6
547,2024-11-10,7:00:00,2024-11-10 7:00:00,-21.9,-20.9,-20.4
548,2024-11-10,7:15:00,2024-11-10 7:15:00,-21.8,-20.7,-20.2
549,2024-11-10,7:30:00,2024-11-10 7:30:00,-21.7,-20.5,-20
550,2024-11-10,7:45:00,2024-11-10 7:45:00,-21.6,-20.6,-20.1
551,2024-11-10,8:00:00,2024-11-10 8:00:00,-21.5,-20.7,-20.2
552,2024-11-10,8:15:00,2024-11-10 8:15:00,-21.4,-20.8,-20.3
553,2024-11-10,8:30:00,2024-11-10 8:30:00,-21.3,-20.9,-20.4
554,2024-11-10,8:45:00,2024-11-10 8:45:00,-21.2,-21,-20.5
555,2024-11-10,9:00:00,2024-11-10 9:00:00,-20.9,-21,-20.5
556,2024-11-10,9:15:00,2024-11-10 9:15:00,-21.1,-20.9,-20.4
557,2024-11-10,9:30:00,2024-11-10 9:30:00,-21.3,-20.8,-20.3
558,2024-11-10,9:45:00,2024-11-10 9:45:00,-21.5,-20.7,-20.2
559,2024-11-10,10:00:00,2024-11-10 10:00:00,-21.7,-20.6,-20.1
560,2024-11-10,10:15:00,2024-11-10 10:15:00,-21.9,-20.5,-20
561,2024-11-10,10:30:00,2024-11-10 10:30:00,-22.1,-20.4,-19.9
562,2024-11-10,10:45:00,2024-11-10 10:45:00,-22.3,-20.3,-19.8
563,2024-11-10,11:00:00,2024-11-10 11:00:00,-22.5,-20.2,-19.7
564,2024-11-10,11:15:00,2024-11-10 11:15:00,-22.7,-20.4,-19.9
565,2024-11-10,11:30:00,2024-11-10 11:30:00,-22.9,-20.6,-20.1
566,2024-11-10,11:45:00,2024-11-10 11:45:00,-23.1,-20.8,-20.3
567,2024-11-10,12:00:00,2024-11-10 12:00:00,-23.3,-21,-20.5
568,2024-11-10,12:15:00,2024-11-10 12:15:00,-23.5,-21.2,-20.7
569,2024-11-10,12:30:00,2024-11-10 12:30:00,-23.7,-21.4,-20.9
570,2024-11-10,12:45:00,2024-11-10 12:45:00,-23.9,-21.6,-21.1
571,2024-11-10,13:00:00,2024-11-10 13:00:00,-23.7,-21.8,-21.3
572,2024-11-10,13:15:00,2024-11-10 13:15:00,-23.9,-21.7,-21.2
573,2024-11-10,13:30:00,2024-11-10 13:30:00,-24.1,-21.6,-21.1
574,2024-11-10,13:45:00,2024-11-10 13:45:00,-24.3,-21.5,-21
575,2024-11-10,14:00:00,2024-11-10 14:00:00,-24.5,-21.4,-20.9
576,2024-11-10,14:15:00,2024-11-10 14:15:00,-24.7,-21.3,-20.8
577,2024-11-10,14:30:00,2024-11-10 14:30:00,-24.9,-21.2,-20.7
578,2024-11-10,14:45:00,2024-11-10 14:45:00,-25.1,-21.1,-20.6
579,2024-11-10,15:00:00,2024-11-10 15:00:00,-25.3,-21,-20.5
580,2024-11-10,15:15:00,2024-11-10 15:15:00,-25.5,-20.9,-20.4
581,2024-11-10,15:30:00,2024-11-10 15:30:00,-25.7,-20.8,-20.3
582,2024-11-10,15:45:00,2024-11-10 15:45:00,-25.9,-20.7,-20.2
583,2024-11-10,16:00:00,2024-11-10 16:00:00,-26.1,-20.6,-20.1
584,2024-11-10,16:15:00,2024-11-10 16:15:00,-26.3,-20.5,-20
585,2024-11-10,16:30:00,2024-11-10 16:30:00,-26.5,-20.6,-20.1
586,2024-11-10,16:45:00,2024-11-10 16:45:00,-26.7,-20.7,-20.2
587,2024-11-10,17:00:00,2024-11-10 17:00:00,-26.9,-20.8,-20.3
588,2024-11-10,17:15:00,2024-11-10 17:15:00,-27.1,-20.9,-20.4
589,2024-11-10,17:30:00,2024-11-10 17:30:00,-27.3,-21,-20.5
590,2024-11-10,17:45:00,2024-11-10 17:45:00,-27.2,-21.1,-20.6
591,2024-11-10,18:00:00,2024-11-10 18:00:00,-27.1,-21.2,-20.7
592,2024-11-10,18:15:00,2024-11-10 18:15:00,-27,-21.3,-20.8
593,2024-11-10,18:30:00,2024-11-10 18:30:00,-26.9,-21.4,-20.9
594,2024-11-10,18:45:00,2024-11-10 18:45:00,-26.8,-21.5,-21
595,2024-11-10,19:00:00,2024-11-10 19:00:00,-26.8,-21.5,-21
596,2024-11-10,19:15:00,2024-11-10 19:15:00,-26.7,-21.4,-20.9
597,2024-11-10,19:30:00,2024-11-10 19:30:00,-26.6,-21.3,-20.8
598,2024-11-10,19:45:00,2024-11-10 19:45:00,-26.5,-21.2,-20.7
599,2024-11-10,20:00:00,2024-11-10 20:00:00,-26.4,-21.1,-20.6
600,2024-11-10,20:15:00,2024-11-10 20:15:00,-26.3,-21,-20.5
601,2024-11-10,20:30:00,2024-11-10 20:30:00,-26.2,-20.9,-20.4
602,2024-11-10,20:45:00,2024-11-10 20:45:00,-26.1,-20.8,-20.3
603,2024-11-10,21:00:00,2024-11-10 21:00:00,-26,-20.7,-20.2
604,2024-11-10,21:15:00,2024-11-10 21:15:00,-25.9,-20.6,-20.1
605,2024-11-10,21:30:00,2024-11-10 21:30:00,-25.8,-20.5,-20
606,2024-11-10,21:45:00,2024-11-10 21:45:00,-25.7,-20.4,-19.9
607,2024-11-10,22:00:00,2024-11-10 22:00:00,-25.6,-20.3,-19.8
608,2024-11-10,22:15:00,2024-11-10 22:15:00,-25.5,-20.2,-19.7
609,2024-11-10,22:30:00,2024-11-10 22:30:00,-25.4,-20.1,-19.6
610,2024-11-10,22:45:00,2024-11-10 22:45:00,-25.3,-20,-19.5
611,2024-11-10,23:00:00,2024-11-10 23:00:00,-25.2,-19.9,-19.4
612,2024-11-10,23:15:00,2024-11-10 23:15:00,-25.1,-20.1,-19.6
613,2024-11-10,23:30:00,2024-11-10 23:30:00,-24.8,-20.3,-19.8
614,2024-11-10,23:45:00,2024-11-10 23:45:00,-24.5,-20.5,-20
615,2024-11-11,0:00:00,2024-11-11 0:00:00,-24.2,-20.7,-20.2
616,2024-11-11,0:15:00,2024-11-11 0:15:00,-23.9,-20.9,-20.4
617,2024-11-11,0:30:00,2024-11-11 0:30:00,-23.6,-21.1,-20.6
618,2024-11-11,0:45:00,2024-11-11 0:45:00,-23.3,-21.3,-20.8
619,2024-11-11,1:00:00,2024-11-11 1:00:00,-23.7,-21.8,-21.3
620,2024-11-11,1:15:00,2024-11-11 1:15:00,-23.8,-21.7,-21.2
621,2024-11-11,1:30:00,2024-11-11 1:30:00,-23.9,-21.6,-21.1
622,2024-11-11,1:45:00,2024-11-11 1:45:00,-24,-21.5,-21
623,2024-11-11,2:00:00,2024-11-11 2:00:00,-24.1,-21.4,-20.9
624,2024-11-11,2:15:00,2024-11-11 2:15:00,-24.2,-21.3,-20.8
625,2024-11-11,2:30:00,2024-11-11 2:30:00,-24.3,-21.2,-20.7
626,2024-11-11,2:45:00,2024-11-11 2:45:00,-24.4,-21.1,-20.6
627,2024-11-11,3:00:00,2024-11-11 3:00:00,-24.5,-21,-20.5
628,2024-11-11,3:15:00,2024-11-11 3:15:00,-24.6,-20.9,-20.4
629,2024-11-11,3:30:00,2024-11-11 3:30:00,-24.7,-20.8,-20.3
630,2024-11-11,3:45:00,2024-11-11 3:45:00,-24.8,-20.7,-20.2
631,2024-11-11,4:00:00,2024-11-11 4:00:00,-24.9,-20.6,-20.1
632,2024-11-11,4:15:00,2024-11-11 4:15:00,-25,-20.5,-20
633,2024-11-11,4:30:00,2024-11-11 4:30:00,-25.1,-20.4,-19.9
634,2024-11-11,4:45:00,2024-11-11 4:45:00,-25.2,-20.3,-19.8
635,2024-11-11,5:00:00,2024-11-11 5:00:00,-25.3,-20.2,-19.7
636,2024-11-11,5:15:00,2024-11-11 5:15:00,-25.4,-20.1,-19.6
637,2024-11-11,5:30:00,2024-11-11 5:30:00,-25.5,-20.3,-19.8
638,2024-11-11,5:45:00,2024-11-11 5:45:00,-25.6,-20.5,-20
639,2024-11-11,6:00:00,2024-11-11 6:00:00,-25.7,-20.7,-20.2
640,2024-11-11,6:15:00,2024-11-11 6:15:00,-25.8,-20.9,-20.4
641,2024-11-11,6:30:00,2024-11-11 6:30:00,-25.9,-21.1,-20.6
642,2024-11-11,6:45:00,2024-11-11 6:45:00,-26,-21.3,-20.8
643,2024-11-11,7:00:00,2024-11-11 7:00:00,-26.1,-21.5,-21
644,2024-11-11,7:15:00,2024-11-11 7:15:00,-26.2,-21.7,-21.2
645,2024-11-11,7:30:00,2024-11-11 7:30:00,-26.3,-21.9,-21.4
646,2024-11-11,7:45:00,2024-11-11 7:45:00,-26.4,-22.1,-21.6
647,2024-11-11,8:00:00,2024-11-11 8:00:00,-26.5,-22.3,-21.8
648,2024-11-11,8:15:00,2024-11-11 8:15:00,-26.6,-22.5,-22
649,2024-11-11,8:30:00,2024-11-11 8:30:00,-26.7,-22.7,-22.2
650,2024-11-11,8:45:00,2024-11-11 8:45:00,-26.8,-22.9,-22.4
651,2024-11-11,9:00:00,2024-11-11 9:00:00,-26.9,-23.1,-22.6
652,2024-11-11,9:15:00,2024-11-11 9:15:00,-27,-23.3,-22.8
653,2024-11-11,9:30:00,2024-11-11 9:30:00,-27.1,-23.5,-23
654,2024-11-11,9:45:00,2024-11-11 9:45:00,-27.2,-23.7,-23.2
655,2024-11-11,10:00:00,2024-11-11 10:00:00,-27.3,-23.9,-23.4
656,2024-11-11,10:15:00,2024-11-11 10:15:00,-27.4,-24.1,-23.6
657,2024-11-11,10:30:00,2024-11-11 10:30:00,-27.5,-24.3,-23.8
658,2024-11-11,10:45:00,2024-11-11 10:45:00,-27.6,-24.5,-24
659,2024-11-11,11:00:00,2024-11-11 11:00:00,-27.3,-24.7,-24.2
660,2024-11-11,11:15:00,2024-11-11 11:15:00,-27,-24.9,-24.4
661,2024-11-11,11:30:00,2024-11-11 11:30:00,-26.7,-25.1,-24.6
662,2024-11-11,11:45:00,2024-11-11 11:45:00,-26.4,-25.3,-24.8
663,2024-11-11,12:00:00,2024-11-11 12:00:00,-26.1,-25.2,-24.7
664,2024-11-11,12:15:00,2024-11-11 12:15:00,-25.8,-25.1,-24.6
665,2024-11-11,12:30:00,2024-11-11 12:30:00,-25.5,-25,-24.5
666,2024-11-11,12:45:00,2024-11-11 12:45:00,-25.2,-24.9,-24.4
667,2024-11-11,13:00:00,2024-11-11 13:00:00,-24.9,-24.8,-24.3
668,2024-11-11,13:15:00,2024-11-11 13:15:00,-24.6,-24.7,-24.2
669,2024-11-11,13:30:00,2024-11-11 13:30:00,-24.3,-24.6,-24.1
670,2024-11-11,13:45:00,2024-11-11 13:45:00,-24,-24.5,-24
671,2024-11-11,14:00:00,2024-11-11 14:00:00,-23.7,-24.4,-23.9
672,2024-11-11,14:15:00,2024-11-11 14:15:00,-23.4,-24.3,-23.8
673,2024-11-11,14:30:00,2024-11-11 14:30:00,-23.1,-24.2,-23.7
674,2024-11-11,14:45:00,2024-11-11 14:45:00,-22.8,-24.1,-23.6
675,2024-11-11,15:00:00,2024-11-11 15:00:00,-22.5,-24,-23.5
676,2024-11-11,15:15:00,2024-11-11 15:15:00,-22.2,-23.9,-23.4
677,2024-11-11,15:30:00,2024-11-11 15:30:00,-21.9,-23.8,-23.3
678,2024-11-11,15:45:00,2024-11-11 15:45:00,-21.6,-23.6,-23.1
679,2024-11-11,16:00:00,2024-11-11 16:00:00,-21.5,-23.4,-22.9
680,2024-11-11,16:15:00,2024-11-11 16:15:00,-21.4,-23.2,-22.7
681,2024-11-11,16:30:00,2024-11-11 16:30:00,-21.3,-23,-22.5
682,2024-11-11,16:45:00,2024-11-11 16:45:00,-21.2,-22.8,-22.3
683,2024-11-11,17:00:00,2024-11-11 17:00:00,-21.1,-22.6,-22.1
684,2024-11-11,17:15:00,2024-11-11 17:15:00,-21,-22.4,-21.9
685,2024-11-11,17:30:00,2024-11-11 17:30:00,-20.9,-22.2,-21.7
686,2024-11-11,17:45:00,2024-11-11 17:45:00,-20.8,-22,-21.5
687,2024-11-11,18:00:00,2024-11-11 18:00:00,-20.7,-21.8,-21.3
688,2024-11-11,18:15:00,2024-11-11 18:15:00,-20.6,-21.6,-21.1
689,2024-11-11,18:30:00,2024-11-11 18:30:00,-20.7,-21.2,-20.7
690,2024-11-11,18:45:00,2024-11-11 18:45:00,-20.8,-21.1,-20.6
691,2024-11-11,19:00:00,2024-11-11 19:00:00,-20.9,-21,-20.5
692,2024-11-11,19:15:00,2024-11-11 19:15:00,-21,-20.9,-20.4
693,2024-11-11,19:30:00,2024-11-11 19:30:00,-21.1,-20.8,-20.3
694,2024-11-11,19:45:00,2024-11-11 19:45:00,-21.2,-20.7,-20.2
695,2024-11-11,20:00:00,2024-11-11 20:00:00,-21.3,-20.6,-20.1
696,2024-11-11,20:15:00,2024-11-11 20:15:00,-21.4,-20.5,-20
697,2024-11-11,20:30:00,2024-11-11 20:30:00,-21.5,-20.4,-19.9
698,2024-11-11,20:45:00,2024-11-11 20:45:00,-21.6,-20.3,-19.8
699,2024-11-11,21:00:00,2024-11-11 21:00:00,-21.7,-20.2,-19.7
700,2024-11-11,21:15:00,2024-11-11 21:15:00,-21.8,-20.1,-19.6
701,2024-11-11,21:30:00,2024-11-11 21:30:00,-21.9,-20.3,-19.8
702,2024-11-11,21:45:00,2024-11-11 21:45:00,-22,-20.5,-20
703,2024-11-11,22:00:00,2024-11-11 22:00:00,-22.1,-20.7,-20.2
704,2024-11-11,22:15:00,2024-11-11 22:15:00,-22.2,-20.9,-20.4
705,2024-11-11,22:30:00,2024-11-11 22:30:00,-22.3,-21.1,-20.6
706,2024-11-11,22:45:00,2024-11-11 22:45:00,-22.4,-21.3,-20.8
707,2024-11-11,23:00:00,2024-11-11 23:00:00,-22.5,-21.5,-21
708,2024-11-11,23:15:00,2024-11-11 23:15:00,-22.6,-21.7,-21.2
709,2024-11-11,23:30:00,2024-11-11 23:30:00,-22.7,-21.9,-21.4
710,2024-11-11,23:45:00,2024-11-11 23:45:00,-22.8,-22.1,-21.6
711,2024-11-12,0:00:00,2024-11-12 0:00:00,-22.9,-22.3,-21.8
712,2024-11-12,0:15:00,2024-11-12 0:15:00,-23,-22.5,-22
713,2024-11-12,0:30:00,2024-11-12 0:30:00,-23.1,-22.7,-22.2
714,2024-11-12,0:45:00,2024-11-12 0:45:00,-23.2,-22.9,-22.4
715,2024-11-12,1:00:00,2024-11-12 1:00:00,-23.3,-23.1,-22.6
716,2024-11-12,1:15:00,2024-11-12 1:15:00,-23.4,-23,-22.5
717,2024-11-12,1:30:00,2024-11-12 1:30:00,-23.5,-22.9,-22.4
718,2024-11-12,1:45:00,2024-11-12 1:45:00,-23.6,-22.8,-22.3
719,2024-11-12,2:00:00,2024-11-12 2:00:00,-23.7,-22.7,-22.2
720,2024-11-12,2:15:00,2024-11-12 2:15:00,-23.8,-22.6,-22.1
721,2024-11-12,2:30:00,2024-11-12 2:30:00,-23.9,-22.5,-22
722,2024-11-12,2:45:00,2024-11-12 2:45:00,-24,-22.4,-21.9
723,2024-11-12,3:00:00,2024-11-12 3:00:00,-24.1,-22.3,-21.8
724,2024-11-12,3:15:00,2024-11-12 3:15:00,-24.2,-22.2,-21.7
725,2024-11-12,3:30:00,2024-11-12 3:30:00,-24.3,-22.1,-21.6
726,2024-11-12,3:45:00,2024-11-12 3:45:00,-24.4,-22,-21.5
727,2024-11-12,4:00:00,2024-11-12 4:00:00,-24.5,-21.9,-21.4
728,2024-11-12,4:15:00,2024-11-12 4:15:00,-24.6,-21.8,-21.3
729,2024-11-12,4:30:00,2024-11-12 4:30:00,-24.7,-21.7,-21.2
730,2024-11-12,4:45:00,2024-11-12 4:45:00,-24.8,-21.6,-21.1
731,2024-11-12,5:00:00,2024-11-12 5:00:00,-24.9,-21.5,-21
732,2024-11-12,5:15:00,2024-11-12 5:15:00,-25,-21.4,-20.9
733,2024-11-12,5:30:00,2024-11-12 5:30:00,-25.1,-21.6,-21.1
734,2024-11-12,5:45:00,2024-11-12 5:45:00,-25.2,-21.8,-21.3
735,2024-11-12,6:00:00,2024-11-12 6:00:00,-25.3,-22,-21.5
736,2024-11-12,6:15:00,2024-11-12 6:15:00,-25.4,-22.2,-21.7
737,2024-11-12,6:30:00,2024-11-12 6:30:00,-25.5,-22.4,-21.9
738,2024-11-12,6:45:00,2024-11-12 6:45:00,-25.6,-22.6,-22.1
739,2024-11-12,7:00:00,2024-11-12 7:00:00,-25.7,-22.8,-22.3
740,2024-11-12,7:15:00,2024-11-12 7:15:00,-25.8,-23,-22.5
741,2024-11-12,7:30:00,2024-11-12 7:30:00,-25.9,-23.2,-22.7
742,2024-11-12,7:45:00,2024-11-12 7:45:00,-26,-23.4,-22.9
743,2024-11-12,8:00:00,2024-11-12 8:00:00,-26.1,-23.6,-23.1
744,2024-11-12,8:15:00,2024-11-12 8:15:00,-25.8,-23.8,-23.3
745,2024-11-12,8:30:00,2024-11-12 8:30:00,-25.5,-24,-23.5
746,2024-11-12,8:45:00,2024-11-12 8:45:00,-25.2,-23.8,-23.3
747,2024-11-12,9:00:00,2024-11-12 9:00:00,-25.3,-23.7,-23.2
748,2024-11-12,9:15:00,2024-11-12 9:15:00,-25.5,-23.6,-23.1
749,2024-11-12,9:30:00,2024-11-12 9:30:00,-25.7,-23.5,-23
750,2024-11-12,9:45:00,2024-11-12 9:45:00,-25.9,-23.4,-22.9
751,2024-11-12,10:00:00,2024-11-12 10:00:00,-26.1,-23.3,-22.8
752,2024-11-12,10:15:00,2024-11-12 10:15:00,-26.3,-23.2,-22.7
753,2024-11-12,10:30:00,2024-11-12 10:30:00,-26.5,-23.1,-22.6
754,2024-11-12,10:45:00,2024-11-12 10:45:00,-26.7,-23,-22.5
755,2024-11-12,11:00:00,2024-11-12 11:00:00,-26.9,-22.9,-22.4
756,2024-11-12,11:15:00,2024-11-12 11:15:00,-27.1,-22.8,-22.3
757,2024-11-12,11:30:00,2024-11-12 11:30:00,-27.3,-22.7,-22.2
758,2024-11-12,11:45:00,2024-11-12 11:45:00,-27.5,-22.8,-22.3
759,2024-11-12,12:00:00,2024-11-12 12:00:00,-27.7,-22.9,-22.4
760,2024-11-12,12:15:00,2024-11-12 12:15:00,-27.9,-23,-22.5
761,2024-11-12,12:30:00,2024-11-12 12:30:00,-28.1,-23.1,-22.6
762,2024-11-12,12:45:00,2024-11-12 12:45:00,-28.1,-23.1,-22.6
763,2024-11-12,13:00:00,2024-11-12 13:00:00,-27.9,-23,-22.5
764,2024-11-12,13:15:00,2024-11-12 13:15:00,-27.7,-22.9,-22.4
765,2024-11-12,13:30:00,2024-11-12 13:30:00,-27.5,-22.8,-22.3
766,2024-11-12,13:45:00,2024-11-12 13:45:00,-27.3,-22.7,-22.2
767,2024-11-12,14:00:00,2024-11-12 14:00:00,-27.1,-22.6,-22.1
768,2024-11-12,14:15:00,2024-11-12 14:15:00,-26.9,-22.5,-22
769,2024-11-12,14:30:00,2024-11-12 14:30:00,-26.7,-22.4,-21.9
770,2024-11-12,14:45:00,2024-11-12 14:45:00,-26.5,-22.3,-21.8
771,2024-11-12,15:00:00,2024-11-12 15:00:00,-26.3,-22.2,-21.7
772,2024-11-12,15:15:00,2024-11-12 15:15:00,-26.1,-22.1,-21.6
773,2024-11-12,15:30:00,2024-11-12 15:30:00,-25.9,-22,-21.5
774,2024-11-12,15:45:00,2024-11-12 15:45:00,-25.7,-21.9,-21.4
775,2024-11-12,16:00:00,2024-11-12 16:00:00,-25.5,-21.8,-21.3
776,2024-11-12,16:15:00,2024-11-12 16:15:00,-25.3,-21.7,-21.2
777,2024-11-12,16:30:00,2024-11-12 16:30:00,-25.1,-21.6,-21.1
778,2024-11-12,16:45:00,2024-11-12 16:45:00,-24.9,-21.5,-21
779,2024-11-12,17:00:00,2024-11-12 17:00:00,-24.7,-21.4,-20.9
780,2024-11-12,17:15:00,2024-11-12 17:15:00,-24.5,-21.3,-20.8
781,2024-11-12,17:30:00,2024-11-12 17:30:00,-24.3,-21.2,-20.7
782,2024-11-12,17:45:00,2024-11-12 17:45:00,-24.1,-21.1,-20.6
783,2024-11-12,18:00:00,2024-11-12 18:00:00,-23.9,-21,-20.5
784,2024-11-12,18:15:00,2024-11-12 18:15:00,-23.7,-20.9,-20.4
785,2024-11-12,18:30:00,2024-11-12 18:30:00,-23.2,-20.8,-20.3
786,2024-11-12,18:45:00,2024-11-12 18:45:00,-22.7,-20.9,-20.4
787,2024-11-12,19:00:00,2024-11-12 19:00:00,-22.2,-21,-20.5
788,2024-11-12,19:15:00,2024-11-12 19:15:00,-21.7,-21.1,-20.6
789,2024-11-12,19:30:00,2024-11-12 19:30:00,-21.2,-21.2,-20.7
790,2024-11-12,19:45:00,2024-11-12 19:45:00,-20.8,-21.1,-20.6
791,2024-11-12,20:00:00,2024-11-12 20:00:00,-20.9,-21,-20.5
792,2024-11-12,20:15:00,2024-11-12 20:15:00,-21,-20.9,-20.4
793,2024-11-12,20:30:00,2024-11-12 20:30:00,-21.1,-20.8,-20.3
794,2024-11-12,20:45:00,2024-11-12 20:45:00,-21.2,-20.7,-20.2
795,2024-11-12,21:00:00,2024-11-12 21:00:00,-21.3,-20.6,-20.1
796,2024-11-12,21:15:00,2024-11-12 21:15:00,-21.4,-20.5,-20
797,2024-11-12,21:30:00,2024-11-12 21:30:00,-21.5,-20.4,-19.9
798,2024-11-12,21:45:00,2024-11-12 21:45:00,-21.6,-20.3,-19.8
799,2024-11-12,22:00:00,2024-11-12 22:00:00,-21.7,-20.2,-19.7
800,2024-11-12,22:15:00,2024-11-12 22:15:00,-21.8,-20.1,-19.6
801,2024-11-12,22:30:00,2024-11-12 22:30:00,-21.9,-20,-19.5
802,2024-11-12,22:45:00,2024-11-12 22:45:00,-22,-19.9,-19.4
803,2024-11-12,23:00:00,2024-11-12 23:00:00,-22.1,-19.8,-19.3
804,2024-11-12,23:15:00,2024-11-12 23:15:00,-22.2,-19.7,-19.2
805,2024-11-12,23:30:00,2024-11-12 23:30:00,-22.3,-20,-19.5
806,2024-11-12,23:45:00,2024-11-12 23:45:00,-22.4,-20.3,-19.8
807,2024-11-13,0:00:00,2024-11-13 0:00:00,-22.5,-20.6,-20.1
808,2024-11-13,0:15:00,2024-11-13 0:15:00,-22.2,-20.9,-20.4
809,2024-11-13,0:30:00,2024-11-13 0:30:00,-21.9,-21.2,-20.7
810,2024-11-13,0:45:00,2024-11-13 0:45:00,-21.6,-21.5,-21
811,2024-11-13,1:00:00,2024-11-13 1:00:00,-21.6,-21.7,-21.2
812,2024-11-13,1:15:00,2024-11-13 1:15:00,-21.7,-21.6,-21.1
813,2024-11-13,1:30:00,2024-11-13 1:30:00,-21.8,-21.5,-21
814,2024-11-13,1:45:00,2024-11-13 1:45:00,-21.9,-21.4,-20.9
815,2024-11-13,2:00:00,2024-11-13 2:00:00,-22,-21.3,-20.8
816,2024-11-13,2:15:00,2024-11-13 2:15:00,-22.1,-21.2,-20.7
817,2024-11-13,2:30:00,2024-11-13 2:30:00,-22.2,-21.1,-20.6
818,2024-11-13,2:45:00,2024-11-13 2:45:00,-22.3,-21,-20.5
819,2024-11-13,3:00:00,2024-11-13 3:00:00,-22.4,-20.9,-20.4
820,2024-11-13,3:15:00,2024-11-13 3:15:00,-22.5,-20.8,-20.3
821,2024-11-13,3:30:00,2024-11-13 3:30:00,-22.6,-20.7,-20.2
822,2024-11-13,3:45:00,2024-11-13 3:45:00,-22.7,-20.6,-20.1
823,2024-11-13,4:00:00,2024-11-13 4:00:00,-22.8,-20.7,-20.2
824,2024-11-13,4:15:00,2024-11-13 4:15:00,-22.9,-20.8,-20.3
825,2024-11-13,4:30:00,2024-11-13 4:30:00,-23,-20.9,-20.4
826,2024-11-13,4:45:00,2024-11-13 4:45:00,-23.1,-21,-20.5
827,2024-11-13,5:00:00,2024-11-13 5:00:00,-23.2,-21.1,-20.6
828,2024-11-13,5:15:00,2024-11-13 5:15:00,-23.3,-21.2,-20.7
829,2024-11-13,5:30:00,2024-11-13 5:30:00,-23.4,-21.3,-20.8
830,2024-11-13,5:45:00,2024-11-13 5:45:00,-23.5,-21.4,-20.9
831,2024-11-13,6:00:00,2024-11-13 6:00:00,-23.6,-21.5,-21
832,2024-11-13,6:15:00,2024-11-13 6:15:00,-23.7,-21.6,-21.1
833,2024-11-13,6:30:00,2024-11-13 6:30:00,-23.8,-21.7,-21.2
834,2024-11-13,6:45:00,2024-11-13 6:45:00,-23.9,-21.8,-21.3
835,2024-11-13,7:00:00,2024-11-13 7:00:00,-24,-21.9,-21.4
836,2024-11-13,7:15:00,2024-11-13 7:15:00,-24.1,-22,-21.5
837,2024-11-13,7:30:00,2024-11-13 7:30:00,-24.2,-22.1,-21.6
838,2024-11-13,7:45:00,2024-11-13 7:45:00,-24.3,-22.2,-21.7
839,2024-11-13,8:00:00,2024-11-13 8:00:00,-24.4,-22.3,-21.8
840,2024-11-13,8:15:00,2024-11-13 8:15:00,-24.5,-22.4,-21.9
841,2024-11-13,8:30:00,2024-11-13 8:30:00,-24.6,-22.5,-22
842,2024-11-13,8:45:00,2024-11-13 8:45:00,-24.7,-22.6,-22.1
843,2024-11-13,9:00:00,2024-11-13 9:00:00,-24.8,-22.7,-22.2
844,2024-11-13,9:15:00,2024-11-13 9:15:00,-24.9,-22.8,-22.3
845,2024-11-13,9:30:00,2024-11-13 9:30:00,-25,-22.9,-22.4
846,2024-11-13,9:45:00,2024-11-13 9:45:00,-25.1,-23,-22.5
847,2024-11-13,10:00:00,2024-11-13 10:00:00,-25.2,-23.1,-22.6
848,2024-11-13,10:15:00,2024-11-13 10:15:00,-25.3,-23.2,-22.7
849,2024-11-13,10:30:00,2024-11-13 10:30:00,-25.4,-23.3,-22.8
850,2024-11-13,10:45:00,2024-11-13 10:45:00,-25.5,-23.4,-22.9
851,2024-11-13,11:00:00,2024-11-13 11:00:00,-25.6,-23.5,-23
852,2024-11-13,11:15:00,2024-11-13 11:15:00,-25.7,-23.6,-23.1
853,2024-11-13,11:30:00,2024-11-13 11:30:00,-25.8,-23.7,-23.2
854,2024-11-13,11:45:00,2024-11-13 11:45:00,-25.9,-23.8,-23.3
855,2024-11-13,12:00:00,2024-11-13 12:00:00,-26,-23.9,-23.4
856,2024-11-13,12:15:00,2024-11-13 12:15:00,-26.1,-24,-23.5
857,2024-11-13,12:30:00,2024-11-13 12:30:00,-26.2,-24.1,-23.6
858,2024-11-13,12:45:00,2024-11-13 12:45:00,-26.3,-24.2,-23.7
859,2024-11-13,13:00:00,2024-11-13 13:00:00,-26.4,-24.3,-23.8
860,2024-11-13,13:15:00,2024-11-13 13:15:00,-26.5,-24.4,-23.9
861,2024-11-13,13:30:00,2024-11-13 13:30:00,-26.6,-24.5,-24
862,2024-11-13,13:45:00,2024-11-13 13:45:00,-26.7,-24.6,-24.1
863,2024-11-13,14:00:00,2024-11-13 14:00:00,-26.8,-24.7,-24.2
864,2024-11-13,14:15:00,2024-11-13 14:15:00,-26.9,-24.8,-24.3
865,2024-11-13,14:30:00,2024-11-13 14:30:00,-27,-24.9,-24.4
866,2024-11-13,14:45:00,2024-11-13 14:45:00,-27.1,-25,-24.5
867,2024-11-13,15:00:00,2024-11-13 15:00:00,-27.2,-25.1,-24.6
868,2024-11-13,15:15:00,2024-11-13 15:15:00,-27.3,-25.2,-24.7
869,2024-11-13,15:30:00,2024-11-13 15:30:00,-27.4,-25.3,-24.8
870,2024-11-13,15:45:00,2024-11-13 15:45:00,-27.5,-25.4,-24.9
871,2024-11-13,16:00:00,2024-11-13 16:00:00,-27.6,-25.5,-25
872,2024-11-13,16:15:00,2024-11-13 16:15:00,-27.7,-25.6,-25.1
873,2024-11-13,16:30:00,2024-11-13 16:30:00,-27.8,-25.7,-25.2
874,2024-11-13,16:45:00,2024-11-13 16:45:00,-27.9,-25.8,-25.3
875,2024-11-13,17:00:00,2024-11-13 17:00:00,-28,-25.9,-25.4
876,2024-11-13,17:15:00,2024-11-13 17:15:00,-28.1,-26,-25.5
877,2024-11-13,17:30:00,2024-11-13 17:30:00,-28.2,-26.1,-25.6
878,2024-11-13,17:45:00,2024-11-13 17:45:00,-28.3,-26.2,-25.7
879,2024-11-13,18:00:00,2024-11-13 18:00:00,-28.4,-26.3,-25.8
880,2024-11-13,18:15:00,2024-11-13 18:15:00,-28.5,-26.4,-25.9
881,2024-11-13,18:30:00,2024-11-13 18:30:00,-28.4,-26.5,-26
882,2024-11-13,18:45:00,2024-11-13 18:45:00,-28.3,-26.6,-26.1
883,2024-11-13,19:00:00,2024-11-13 19:00:00,-28.2,-26.7,-26.2
884,2024-11-13,19:15:00,2024-11-13 19:15:00,-28.1,-26.8,-26.3
885,2024-11-13,19:30:00,2024-11-13 19:30:00,-28,-26.9,-26.4
886,2024-11-13,19:45:00,2024-11-13 19:45:00,-27.9,-27,-26.5
887,2024-11-13,20:00:00,2024-11-13 20:00:00,-27.8,-27.1,-26.6
888,2024-11-13,20:15:00,2024-11-13 20:15:00,-27.7,-27.2,-26.7
889,2024-11-13,20:30:00,2024-11-13 20:30:00,-27.6,-27.3,-26.8
890,2024-11-13,20:45:00,2024-11-13 20:45:00,-27.9,-27.4,-26.9
891,2024-11-13,21:00:00,2024-11-13 21:00:00,-28.2,-27.5,-27
892,2024-11-13,21:15:00,2024-11-13 21:15:00,-28.1,-27.8,-27.3
893,2024-11-13,21:30:00,2024-11-13 21:30:00,-28,-27.7,-27.2
894,2024-11-13,21:45:00,2024-11-13 21:45:00,-27.9,-27.6,-27.1
895,2024-11-13,22:00:00,2024-11-13 22:00:00,-27.8,-27.5,-27
896,2024-11-13,22:15:00,2024-11-13 22:15:00,-27.7,-27.4,-26.9
897,2024-11-13,22:30:00,2024-11-13 22:30:00,-27.6,-27.3,-26.8
898,2024-11-13,22:45:00,2024-11-13 22:45:00,-27.5,-27.2,-26.7
899,2024-11-13,23:00:00,2024-11-13 23:00:00,-27.4,-27.1,-26.6
900,2024-11-13,23:15:00,2024-11-13 23:15:00,-27.3,-27,-26.5
901,2024-11-13,23:30:00,2024-11-13 23:30:00,-27.2,-26.9,-26.4
902,2024-11-13,23:45:00,2024-11-13 23:45:00,-27.1,-26.8,-26.3
903,2024-11-14,0:00:00,2024-11-14 0:00:00,-27,-26.7,-26.2
904,2024-11-14,0:15:00,2024-11-14 0:15:00,-26.9,-26.6,-26.1
905,2024-11-14,0:30:00,2024-11-14 0:30:00,-26.8,-26.5,-26
906,2024-11-14,0:45:00,2024-11-14 0:45:00,-26.7,-26.4,-25.9
907,2024-11-14,1:00:00,2024-11-14 1:00:00,-26.6,-26.3,-25.8
908,2024-11-14,1:15:00,2024-11-14 1:15:00,-26.5,-26.2,-25.7
909,2024-11-14,1:30:00,2024-11-14 1:30:00,-26.4,-26.1,-25.6
910,2024-11-14,1:45:00,2024-11-14 1:45:00,-26.3,-26,-25.5
911,2024-11-14,2:00:00,2024-11-14 2:00:00,-26.2,-25.9,-25.4
912,2024-11-14,2:15:00,2024-11-14 2:15:00,-26.1,-25.8,-25.3
913,2024-11-14,2:30:00,2024-11-14 2:30:00,-26,-25.7,-25.2
914,2024-11-14,2:45:00,2024-11-14 2:45:00,-25.9,-25.6,-25.1
915,2024-11-14,3:00:00,2024-11-14 3:00:00,-25.8,-25.5,-25
916,2024-11-14,3:15:00,2024-11-14 3:15:00,-25.7,-25.4,-24.9
917,2024-11-14,3:30:00,2024-11-14 3:30:00,-25.6,-25.3,-24.8
918,2024-11-14,3:45:00,2024-11-14 3:45:00,-25.5,-25.2,-24.7
919,2024-11-14,4:00:00,2024-11-14 4:00:00,-25.4,-25.1,-24.6
920,2024-11-14,4:15:00,2024-11-14 4:15:00,-25.3,-25,-24.5
921,2024-11-14,4:30:00,2024-11-14 4:30:00,-25.2,-24.9,-24.4
922,2024-11-14,4:45:00,2024-11-14 4:45:00,-25.1,-24.8,-24.3
923,2024-11-14,5:00:00,2024-11-14 5:00:00,-25,-24.7,-24.2
924,2024-11-14,5:15:00,2024-11-14 5:15:00,-24.9,-24.6,-24.1
925,2024-11-14,5:30:00,2024-11-14 5:30:00,-24.8,-24.5,-24
926,2024-11-14,5:45:00,2024-11-14 5:45:00,-24.7,-24.4,-23.9
927,2024-11-14,6:00:00,2024-11-14 6:00:00,-24.6,-24.3,-23.8
928,2024-11-14,6:15:00,2024-11-14 6:15:00,-24.5,-24.2,-23.7
929,2024-11-14,6:30:00,2024-11-14 6:30:00,-24.4,-24.1,-23.6
930,2024-11-14,6:45:00,2024-11-14 6:45:00,-24.3,-24,-23.5
931,2024-11-14,7:00:00,2024-11-14 7:00:00,-24.2,-23.9,-23.4
932,2024-11-14,7:15:00,2024-11-14 7:15:00,-24.1,-23.8,-23.3
933,2024-11-14,7:30:00,2024-11-14 7:30:00,-24,-23.7,-23.2
934,2024-11-14,7:45:00,2024-11-14 7:45:00,-23.9,-23.6,-23.1
935,2024-11-14,8:00:00,2024-11-14 8:00:00,-23.8,-23.5,-23
936,2024-11-14,8:15:00,2024-11-14 8:15:00,-23.7,-23.4,-22.9
937,2024-11-14,8:30:00,2024-11-14 8:30:00,-23.5,-23.3,-22.8
938,2024-11-14,8:45:00,2024-11-14 8:45:00,-23.3,-23.2,-22.7
939,2024-11-14,9:00:00,2024-11-14 9:00:00,-23.1,-23.1,-22.6
940,2024-11-14,9:15:00,2024-11-14 9:15:00,-22.9,-23,-22.5
941,2024-11-14,9:30:00,2024-11-14 9:30:00,-22.7,-22.9,-22.4
942,2024-11-14,9:45:00,2024-11-14 9:45:00,-22.5,-22.8,-22.3
943,2024-11-14,10:00:00,2024-11-14 10:00:00,-22.3,-22.7,-22.2
944,2024-11-14,10:15:00,2024-11-14 10:15:00,-22.1,-22.6,-22.1
945,2024-11-14,10:30:00,2024-11-14 10:30:00,-21.9,-22.5,-22
946,2024-11-14,10:45:00,2024-11-14 10:45:00,-21.7,-22.4,-21.9
947,2024-11-14,11:00:00,2024-11-14 11:00:00,-21.7,-21.5,-21
948,2024-11-14,11:15:00,2024-11-14 11:15:00,-22.1,-21.4,-20.9
949,2024-11-14,11:30:00,2024-11-14 11:30:00,-22.5,-21.3,-20.8
950,2024-11-14,11:45:00,2024-11-14 11:45:00,-22.9,-21.2,-20.7
951,2024-11-14,12:00:00,2024-11-14 12:00:00,-23.3,-21.1,-20.6
952,2024-11-14,12:15:00,2024-11-14 12:15:00,-23.7,-21,-20.5
953,2024-11-14,12:30:00,2024-11-14 12:30:00,-24.1,-20.9,-20.4
954,2024-11-14,12:45:00,2024-11-14 12:45:00,-24.5,-20.8,-20.3
955,2024-11-14,13:00:00,2024-11-14 13:00:00,-24.9,-20.7,-20.2
956,2024-11-14,13:15:00,2024-11-14 13:15:00,-25.3,-20.6,-20.1
957,2024-11-14,13:30:00,2024-11-14 13:30:00,-25.7,-20.5,-20
958,2024-11-14,13:45:00,2024-11-14 13:45:00,-26.1,-20.4,-19.9
959,2024-11-14,14:00:00,2024-11-14 14:00:00,-26.5,-20.3,-19.8
960,2024-11-14,14:15:00,2024-11-14 14:15:00,-26.9,-20.2,-19.7
961,2024-11-14,14:30:00,2024-11-14 14:30:00,-27.3,-20.7,-20.2
962,2024-11-14,14:45:00,2024-11-14 14:45:00,-27.7,-21.2,-20.7
963,2024-11-14,15:00:00,2024-11-14 15:00:00,-28.1,-21.7,-21.2
964,2024-11-14,15:15:00,2024-11-14 15:15:00,-28.7,-22.4,-21.9
965,2024-11-14,15:30:00,2024-11-14 15:30:00,-28.2,-22.3,-21.8
966,2024-11-14,15:45:00,2024-11-14 15:45:00,-27.7,-22.2,-21.7
967,2024-11-14,16:00:00,2024-11-14 16:00:00,-27.2,-22.1,-21.6
968,2024-11-14,16:15:00,2024-11-14 16:15:00,-26.7,-22,-21.5
969,2024-11-14,16:30:00,2024-11-14 16:30:00,-26.2,-21.9,-21.4
970,2024-11-14,16:45:00,2024-11-14 16:45:00,-25.7,-21.8,-21.3
971,2024-11-14,17:00:00,2024-11-14 17:00:00,-25.2,-21.7,-21.2
972,2024-11-14,17:15:00,2024-11-14 17:15:00,-24.7,-21.6,-21.1
973,2024-11-14,17:30:00,2024-11-14 17:30:00,-24.2,-21.5,-21
974,2024-11-14,17:45:00,2024-11-14 17:45:00,-23.7,-21.4,-20.9
975,2024-11-14,18:00:00,2024-11-14 18:00:00,-23.2,-21.3,-20.8
976,2024-11-14,18:15:00,2024-11-14 18:15:00,-22.7,-21.4,-20.9
977,2024-11-14,18:30:00,2024-11-14 18:30:00,-22.2,-21.5,-21
978,2024-11-14,18:45:00,2024-11-14 18:45:00,-21.7,-21.6,-21.1
979,2024-11-14,19:00:00,2024-11-14 19:00:00,-21,-21.4,-20.9
980,2024-11-14,19:15:00,2024-11-14 19:15:00,-21.1,-21.3,-20.8
981,2024-11-14,19:30:00,2024-11-14 19:30:00,-21.2,-21.2,-20.7
982,2024-11-14,19:45:00,2024-11-14 19:45:00,-21.3,-21.1,-20.6
983,2024-11-14,20:00:00,2024-11-14 20:00:00,-21.4,-21,-20.5
984,2024-11-14,20:15:00,2024-11-14 20:15:00,-21.5,-20.9,-20.4
985,2024-11-14,20:30:00,2024-11-14 20:30:00,-21.6,-20.8,-20.3
986,2024-11-14,20:45:00,2024-11-14 20:45:00,-21.7,-20.7,-20.2
987,2024-11-14,21:00:00,2024-11-14 21:00:00,-21.8,-20.6,-20.1
988,2024-11-14,21:15:00,2024-11-14 21:15:00,-21.9,-20.5,-20
989,2024-11-14,21:30:00,2024-11-14 21:30:00,-22,-20.4,-19.9
990,2024-11-14,21:45:00,2024-11-14 21:45:00,-22.1,-20.3,-19.8
991,2024-11-14,22:00:00,2024-11-14 22:00:00,-22.2,-20.2,-19.7
992,2024-11-14,22:15:00,2024-11-14 22:15:00,-22.3,-20.1,-19.6
993,2024-11-14,22:30:00,2024-11-14 22:30:00,-22.4,-20.2,-19.7
994,2024-11-14,22:45:00,2024-11-14 22:45:00,-22.5,-20.3,-19.8
995,2024-11-14,23:00:00,2024-11-14 23:00:00,-22.6,-20.4,-19.9
996,2024-11-14,23:15:00,2024-11-14 23:15:00,-22.7,-20.5,-20
997,2024-11-14,23:30:00,2024-11-14 23:30:00,-22.8,-20.6,-20.1
998,2024-11-14,23:45:00,2024-11-14 23:45:00,-22.9,-20.7,-20.2
999,2024-11-15,0:00:00,2024-11-15 0:00:00,-23,-20.8,-20.3
1000,2024-11-15,0:15:00,2024-11-15 0:15:00,-23.1,-20.9,-20.4
1001,2024-11-15,0:30:00,2024-11-15 0:30:00,-23.2,-21,-20.5
1002,2024-11-15,0:45:00,2024-11-15 0:45:00,-23.3,-21.1,-20.6
1003,2024-11-15,1:00:00,2024-11-15 1:00:00,-23.4,-21.2,-20.7
1004,2024-11-15,1:15:00,2024-11-15 1:15:00,-23.5,-21.3,-20.8
1005,2024-11-15,1:30:00,2024-11-15 1:30:00,-23.6,-21.4,-20.9
1006,2024-11-15,1:45:00,2024-11-15 1:45:00,-23.7,-21.5,-21
1007,2024-11-15,2:00:00,2024-11-15 2:00:00,-23.8,-21.6,-21.1
1008,2024-11-15,2:15:00,2024-11-15 2:15:00,-23.9,-21.7,-21.2
1009,2024-11-15,2:30:00,2024-11-15 2:30:00,-24,-21.8,-21.3
1010,2024-11-15,2:45:00,2024-11-15 2:45:00,-24.1,-21.9,-21.4
1011,2024-11-15,3:00:00,2024-11-15 3:00:00,-24.2,-22,-21.5
1012,2024-11-15,3:15:00,2024-11-15 3:15:00,-24.3,-22.1,-21.6
1013,2024-11-15,3:30:00,2024-11-15 3:30:00,-24.4,-22.2,-21.7
1014,2024-11-15,3:45:00,2024-11-15 3:45:00,-24.5,-22.3,-21.8
1015,2024-11-15,4:00:00,2024-11-15 4:00:00,-24.6,-22.4,-21.9
1016,2024-11-15,4:15:00,2024-11-15 4:15:00,-24.7,-22.5,-22
1017,2024-11-15,4:30:00,2024-11-15 4:30:00,-24.8,-22.6,-22.1
1018,2024-11-15,4:45:00,2024-11-15 4:45:00,-24.9,-22.7,-22.2
1019,2024-11-15,5:00:00,2024-11-15 5:00:00,-25,-22.8,-22.3
1020,2024-11-15,5:15:00,2024-11-15 5:15:00,-25.1,-22.9,-22.4
1021,2024-11-15,5:30:00,2024-11-15 5:30:00,-25.2,-23,-22.5
1022,2024-11-15,5:45:00,2024-11-15 5:45:00,-25.3,-23.1,-22.6
1023,2024-11-15,6:00:00,2024-11-15 6:00:00,-25.4,-23.2,-22.7
1024,2024-11-15,6:15:00,2024-11-15 6:15:00,-25.1,-23.3,-22.8
1025,2024-11-15,6:30:00,2024-11-15 6:30:00,-24.8,-23.4,-22.9
1026,2024-11-15,6:45:00,2024-11-15 6:45:00,-24.5,-23.5,-23
1027,2024-11-15,7:00:00,2024-11-15 7:00:00,-24.2,-23.6,-23.1
1028,2024-11-15,7:15:00,2024-11-15 7:15:00,-23.9,-23.7,-23.2
1029,2024-11-15,7:30:00,2024-11-15 7:30:00,-23.6,-23.8,-23.3
1030,2024-11-15,7:45:00,2024-11-15 7:45:00,-23.3,-23.7,-23.2
1031,2024-11-15,8:00:00,2024-11-15 8:00:00,-23,-23.6,-23.1
1032,2024-11-15,8:15:00,2024-11-15 8:15:00,-22.7,-23.5,-23
1033,2024-11-15,8:30:00,2024-11-15 8:30:00,-22.4,-23.4,-22.9
1034,2024-11-15,8:45:00,2024-11-15 8:45:00,-22.1,-23.3,-22.8
1035,2024-11-15,9:00:00,2024-11-15 9:00:00,-21.8,-23.2,-22.7
1036,2024-11-15,9:15:00,2024-11-15 9:15:00,-21.5,-23.1,-22.6
1037,2024-11-15,9:30:00,2024-11-15 9:30:00,-21.2,-23,-22.5
1038,2024-11-15,9:45:00,2024-11-15 9:45:00,-20.9,-22.9,-22.4
1039,2024-11-15,10:00:00,2024-11-15 10:00:00,-20.6,-22.8,-22.3
1040,2024-11-15,10:15:00,2024-11-15 10:15:00,-21,-22.1,-21.6
1041,2024-11-15,10:30:00,2024-11-15 10:30:00,-21.1,-22,-21.5
1042,2024-11-15,10:45:00,2024-11-15 10:45:00,-21.2,-21.9,-21.4
1043,2024-11-15,11:00:00,2024-11-15 11:00:00,-21.3,-21.8,-21.3
1044,2024-11-15,11:15:00,2024-11-15 11:15:00,-21.4,-21.7,-21.2
1045,2024-11-15,11:30:00,2024-11-15 11:30:00,-21.5,-21.6,-21.1
1046,2024-11-15,11:45:00,2024-11-15 11:45:00,-21.6,-21.5,-21
1047,2024-11-15,12:00:00,2024-11-15 12:00:00,-21.7,-21.4,-20.9
1048,2024-11-15,12:15:00,2024-11-15 12:15:00,-21.8,-21.3,-20.8
1049,2024-11-15,12:30:00,2024-11-15 12:30:00,-21.9,-21.2,-20.7
1050,2024-11-15,12:45:00,2024-11-15 12:45:00,-22,-21.1,-20.6
1051,2024-11-15,13:00:00,2024-11-15 13:00:00,-22.1,-21,-20.5
1052,2024-11-15,13:15:00,2024-11-15 13:15:00,-22.2,-20.9,-20.4
1053,2024-11-15,13:30:00,2024-11-15 13:30:00,-22.3,-20.8,-20.3
1054,2024-11-15,13:45:00,2024-11-15 13:45:00,-22.1,-20.7,-20.2
1055,2024-11-15,14:00:00,2024-11-15 14:00:00,-21.9,-20.6,-20.1
1056,2024-11-15,14:15:00,2024-11-15 14:15:00,-21.7,-20.5,-20
1057,2024-11-15,14:30:00,2024-11-15 14:30:00,-21.5,-20.4,-19.9
1058,2024-11-15,14:45:00,2024-11-15 14:45:00,-21.3,-20.9,-20.4
1059,2024-11-15,15:00:00,2024-11-15 15:00:00,-21.1,-21.4,-20.9
1060,2024-11-15,15:15:00,2024-11-15 15:15:00,-20.9,-21.9,-21.4
1061,2024-11-15,15:30:00,2024-11-15 15:30:00,-20.5,-22.2,-21.7
1062,2024-11-15,15:45:00,2024-11-15 15:45:00,-20.6,-22.1,-21.6
1063,2024-11-15,16:00:00,2024-11-15 16:00:00,-20.7,-22,-21.5
1064,2024-11-15,16:15:00,2024-11-15 16:15:00,-20.8,-21.9,-21.4
1065,2024-11-15,16:30:00,2024-11-15 16:30:00,-20.9,-21.8,-21.3
1066,2024-11-15,16:45:00,2024-11-15 16:45:00,-21,-21.7,-21.2
1067,2024-11-15,17:00:00,2024-11-15 17:00:00,-21.1,-21.6,-21.1
1068,2024-11-15,17:15:00,2024-11-15 17:15:00,-21.2,-21.5,-21
1069,2024-11-15,17:30:00,2024-11-15 17:30:00,-21.3,-21.4,-20.9
1070,2024-11-15,17:45:00,2024-11-15 17:45:00,-21.4,-21.3,-20.8
1071,2024-11-15,18:00:00,2024-11-15 18:00:00,-21.5,-21.2,-20.7
1072,2024-11-15,18:15:00,2024-11-15 18:15:00,-21.6,-21.1,-20.6
1073,2024-11-15,18:30:00,2024-11-15 18:30:00,-21.7,-21,-20.5
1074,2024-11-15,18:45:00,2024-11-15 18:45:00,-21.8,-21.5,-21
1075,2024-11-15,19:00:00,2024-11-15 19:00:00,-21.7,-22.7,-22.2
1076,2024-11-15,19:15:00,2024-11-15 19:15:00,-21.8,-22.6,-22.1
1077,2024-11-15,19:30:00,2024-11-15 19:30:00,-21.9,-22.5,-22
1078,2024-11-15,19:45:00,2024-11-15 19:45:00,-22,-22.4,-21.9
1079,2024-11-15,20:00:00,2024-11-15 20:00:00,-22.1,-22.3,-21.8
1080,2024-11-15,20:15:00,2024-11-15 20:15:00,-22.2,-22.2,-21.7
1081,2024-11-15,20:30:00,2024-11-15 20:30:00,-22.3,-22.1,-21.6
1082,2024-11-15,20:45:00,2024-11-15 20:45:00,-22.4,-22,-21.5
1083,2024-11-15,21:00:00,2024-11-15 21:00:00,-22.5,-21.9,-21.4
1084,2024-11-15,21:15:00,2024-11-15 21:15:00,-22.6,-21.8,-21.3
1085,2024-11-15,21:30:00,2024-11-15 21:30:00,-22.7,-21.7,-21.2
1086,2024-11-15,21:45:00,2024-11-15 21:45:00,-22.8,-21.6,-21.1
1087,2024-11-15,22:00:00,2024-11-15 22:00:00,-22.9,-21.5,-21
1088,2024-11-15,22:15:00,2024-11-15 22:15:00,-23,-21.4,-20.9
1089,2024-11-15,22:30:00,2024-11-15 22:30:00,-23.1,-21.3,-20.8
1090,2024-11-15,22:45:00,2024-11-15 22:45:00,-23.2,-21.2,-20.7
1091,2024-11-15,23:00:00,2024-11-15 23:00:00,-23.3,-21.1,-20.6
1092,2024-11-15,23:15:00,2024-11-15 23:15:00,-23.4,-21,-20.5
1093,2024-11-15,23:30:00,2024-11-15 23:30:00,-23.5,-20.9,-20.4
1094,2024-11-15,23:45:00,2024-11-15 23:45:00,-23.6,-20.8,-20.3
1095,2024-11-16,0:00:00,2024-11-16 0:00:00,-23.7,-20.7,-20.2
1096,2024-11-16,0:15:00,2024-11-16 0:15:00,-23.8,-20.6,-20.1
1097,2024-11-16,0:30:00,2024-11-16 0:30:00,-23.9,-20.5,-20
1098,2024-11-16,0:45:00,2024-11-16 0:45:00,-24,-20.4,-19.9
1099,2024-11-16,1:00:00,2024-11-16 1:00:00,-24.1,-20.3,-19.8
1100,2024-11-16,1:15:00,2024-11-16 1:15:00,-24.2,-20.2,-19.7
1101,2024-11-16,1:30:00,2024-11-16 1:30:00,-24.3,-20.1,-19.6
1102,2024-11-16,1:45:00,2024-11-16 1:45:00,-24.4,-20,-19.5
1103,2024-11-16,2:00:00,2024-11-16 2:00:00,-24.5,-20.1,-19.6
1104,2024-11-16,2:15:00,2024-11-16 2:15:00,-24.6,-20.2,-19.7
1105,2024-11-16,2:30:00,2024-11-16 2:30:00,-24.7,-20.3,-19.8
1106,2024-11-16,2:45:00,2024-11-16 2:45:00,-24.8,-20.4,-19.9
1107,2024-11-16,3:00:00,2024-11-16 3:00:00,-24.9,-20.5,-20
1108,2024-11-16,3:15:00,2024-11-16 3:15:00,-25,-20.6,-20.1
1109,2024-11-16,3:30:00,2024-11-16 3:30:00,-25.1,-20.7,-20.2
1110,2024-11-16,3:45:00,2024-11-16 3:45:00,-25.2,-20.8,-20.3
1111,2024-11-16,4:00:00,2024-11-16 4:00:00,-25.3,-20.9,-20.4
1112,2024-11-16,4:15:00,2024-11-16 4:15:00,-25.4,-21,-20.5
1113,2024-11-16,4:30:00,2024-11-16 4:30:00,-25.5,-21.1,-20.6
1114,2024-11-16,4:45:00,2024-11-16 4:45:00,-25.6,-21.2,-20.7
1115,2024-11-16,5:00:00,2024-11-16 5:00:00,-25.7,-21.3,-20.8
1116,2024-11-16,5:15:00,2024-11-16 5:15:00,-25.8,-21.4,-20.9
1117,2024-11-16,5:30:00,2024-11-16 5:30:00,-25.9,-21.5,-21
1118,2024-11-16,5:45:00,2024-11-16 5:45:00,-26,-21.6,-21.1
1119,2024-11-16,6:00:00,2024-11-16 6:00:00,-26.1,-21.7,-21.2
1120,2024-11-16,6:15:00,2024-11-16 6:15:00,-26.2,-21.8,-21.3
1121,2024-11-16,6:30:00,2024-11-16 6:30:00,-26.3,-21.9,-21.4
1122,2024-11-16,6:45:00,2024-11-16 6:45:00,-26.4,-22,-21.5
1123,2024-11-16,7:00:00,2024-11-16 7:00:00,-26.3,-22.1,-21.6
1124,2024-11-16,7:15:00,2024-11-16 7:15:00,-26.2,-22.2,-21.7
1125,2024-11-16,7:30:00,2024-11-16 7:30:00,-26.1,-22.3,-21.8
1126,2024-11-16,7:45:00,2024-11-16 7:45:00,-26,-22.4,-21.9
1127,2024-11-16,8:00:00,2024-11-16 8:00:00,-25.9,-22.2,-21.7
1128,2024-11-16,8:15:00,2024-11-16 8:15:00,-25.8,-22,-21.5
1129,2024-11-16,8:30:00,2024-11-16 8:30:00,-25.7,-21.8,-21.3
1130,2024-11-16,8:45:00,2024-11-16 8:45:00,-25.6,-21.6,-21.1
1131,2024-11-16,9:00:00,2024-11-16 9:00:00,-25.5,-21.4,-20.9
1132,2024-11-16,9:15:00,2024-11-16 9:15:00,-25.4,-21.2,-20.7
1133,2024-11-16,9:30:00,2024-11-16 9:30:00,-25.6,-21.1,-20.6
1134,2024-11-16,9:45:00,2024-11-16 9:45:00,-25.8,-21,-20.5
1135,2024-11-16,10:00:00,2024-11-16 10:00:00,-26,-20.9,-20.4
1136,2024-11-16,10:15:00,2024-11-16 10:15:00,-26.2,-20.8,-20.3
1137,2024-11-16,10:30:00,2024-11-16 10:30:00,-26.4,-20.7,-20.2
1138,2024-11-16,10:45:00,2024-11-16 10:45:00,-26.6,-20.6,-20.1
1139,2024-11-16,11:00:00,2024-11-16 11:00:00,-26.7,-20.9,-20.4
1140,2024-11-16,11:15:00,2024-11-16 11:15:00,-26.8,-21.2,-20.7
1141,2024-11-16,11:30:00,2024-11-16 11:30:00,-26.9,-21.5,-21
1142,2024-11-16,11:45:00,2024-11-16 11:45:00,-27,-21.8,-21.3
1143,2024-11-16,12:00:00,2024-11-16 12:00:00,-27,-22,-21.5
1144,2024-11-16,12:15:00,2024-11-16 12:15:00,-26.9,-22.2,-21.7
1145,2024-11-16,12:30:00,2024-11-16 12:30:00,-26.8,-22.4,-21.9
1146,2024-11-16,12:45:00,2024-11-16 12:45:00,-26.7,-22.6,-22.1
1147,2024-11-16,13:00:00,2024-11-16 13:00:00,-26.6,-22.8,-22.3
1148,2024-11-16,13:15:00,2024-11-16 13:15:00,-26.5,-23,-22.5
1149,2024-11-16,13:30:00,2024-11-16 13:30:00,-26.4,-23.2,-22.7
1150,2024-11-16,13:45:00,2024-11-16 13:45:00,-26.3,-23.4,-22.9
1151,2024-11-16,14:00:00,2024-11-16 14:00:00,-26.2,-23.6,-23.1
1152,2024-11-16,14:15:00,2024-11-16 14:15:00,-26.1,-23.8,-23.3
1153,2024-11-16,14:30:00,2024-11-16 14:30:00,-26,-24,-23.5
1154,2024-11-16,14:45:00,2024-11-16 14:45:00,-25.9,-24.2,-23.7
1155,2024-11-16,15:00:00,2024-11-16 15:00:00,-26.1,-24.4,-23.9
1156,2024-11-16,15:15:00,2024-11-16 15:15:00,-26.3,-24.6,-24.1
1157,2024-11-16,15:30:00,2024-11-16 15:30:00,-26.5,-24.8,-24.3
1158,2024-11-16,15:45:00,2024-11-16 15:45:00,-26.7,-25,-24.5
1159,2024-11-16,16:00:00,2024-11-16 16:00:00,-26.9,-25.2,-24.7
1160,2024-11-16,16:15:00,2024-11-16 16:15:00,-27.1,-25.4,-24.9
1161,2024-11-16,16:30:00,2024-11-16 16:30:00,-27.3,-25.6,-25.1
1162,2024-11-16,16:45:00,2024-11-16 16:45:00,-27.5,-25.8,-25.3
1163,2024-11-16,17:00:00,2024-11-16 17:00:00,-27.7,-26,-25.5
1164,2024-11-16,17:15:00,2024-11-16 17:15:00,-27.9,-26.2,-25.7
1165,2024-11-16,17:30:00,2024-11-16 17:30:00,-28.1,-26.4,-25.9
1166,2024-11-16,17:45:00,2024-11-16 17:45:00,-28.3,-26.6,-26.1
1167,2024-11-16,18:00:00,2024-11-16 18:00:00,-28.5,-26.8,-26.3
1168,2024-11-16,18:15:00,2024-11-16 18:15:00,-28.7,-27,-26.5
1169,2024-11-16,18:30:00,2024-11-16 18:30:00,-28.9,-27.2,-26.7
1170,2024-11-16,18:45:00,2024-11-16 18:45:00,-29.1,-27.4,-26.9
1171,2024-11-16,19:00:00,2024-11-16 19:00:00,-29.3,-27.6,-27.1
1172,2024-11-16,19:15:00,2024-11-16 19:15:00,-29.7,-27.7,-27.2
1173,2024-11-16,19:30:00,2024-11-16 19:30:00,-29.6,-27.6,-27.1
1174,2024-11-16,19:45:00,2024-11-16 19:45:00,-29.5,-27.5,-27
1175,2024-11-16,20:00:00,2024-11-16 20:00:00,-29.4,-27.4,-26.9
1176,2024-11-16,20:15:00,2024-11-16 20:15:00,-29.3,-27.3,-26.8
1177,2024-11-16,20:30:00,2024-11-16 20:30:00,-29.2,-27.2,-26.7
1178,2024-11-16,20:45:00,2024-11-16 20:45:00,-29.1,-27.1,-26.6
1179,2024-11-16,21:00:00,2024-11-16 21:00:00,-29,-27,-26.5
1180,2024-11-16,21:15:00,2024-11-16 21:15:00,-28.9,-26.9,-26.4
1181,2024-11-16,21:30:00,2024-11-16 21:30:00,-28.8,-26.8,-26.3
1182,2024-11-16,21:45:00,2024-11-16 21:45:00,-28.7,-26.7,-26.2
1183,2024-11-16,22:00:00,2024-11-16 22:00:00,-28.6,-26.6,-26.1
1184,2024-11-16,22:15:00,2024-11-16 22:15:00,-28.5,-26.5,-26
1185,2024-11-16,22:30:00,2024-11-16 22:30:00,-28.4,-26.4,-25.9
1186,2024-11-16,22:45:00,2024-11-16 22:45:00,-28.3,-26.3,-25.8
1187,2024-11-16,23:00:00,2024-11-16 23:00:00,-28.2,-26.2,-25.7
1188,2024-11-16,23:15:00,2024-11-16 23:15:00,-28.1,-26.1,-25.6
1189,2024-11-16,23:30:00,2024-11-16 23:30:00,-28,-26,-25.5
1190,2024-11-16,23:45:00,2024-11-16 23:45:00,-27.9,-25.9,-25.4
1191,2024-11-17,0:00:00,2024-11-17 0:00:00,-27.8,-25.8,-25.3
1192,2024-11-17,0:15:00,2024-11-17 0:15:00,-27.7,-25.7,-25.2
1193,2024-11-17,0:30:00,2024-11-17 0:30:00,-27.6,-25.6,-25.1
1194,2024-11-17,0:45:00,2024-11-17 0:45:00,-27.5,-25.5,-25
1195,2024-11-17,1:00:00,2024-11-17 1:00:00,-27.4,-25.4,-24.9
1196,2024-11-17,1:15:00,2024-11-17 1:15:00,-27.3,-25.3,-24.8
1197,2024-11-17,1:30:00,2024-11-17 1:30:00,-27.2,-25.2,-24.7
1198,2024-11-17,1:45:00,2024-11-17 1:45:00,-27.1,-25.1,-24.6
1199,2024-11-17,2:00:00,2024-11-17 2:00:00,-27,-25,-24.5
1200,2024-11-17,2:15:00,2024-11-17 2:15:00,-26.9,-24.9,-24.4
1201,2024-11-17,2:30:00,2024-11-17 2:30:00,-26.7,-24.8,-24.3
1202,2024-11-17,2:45:00,2024-11-17 2:45:00,-26.5,-24.7,-24.2
1203,2024-11-17,3:00:00,2024-11-17 3:00:00,-26.3,-24.6,-24.1
1204,2024-11-17,3:15:00,2024-11-17 3:15:00,-26.1,-24.5,-24
1205,2024-11-17,3:30:00,2024-11-17 3:30:00,-25.9,-24.4,-23.9
1206,2024-11-17,3:45:00,2024-11-17 3:45:00,-25.7,-24.3,-23.8
1207,2024-11-17,4:00:00,2024-11-17 4:00:00,-25.5,-24.2,-23.7
1208,2024-11-17,4:15:00,2024-11-17 4:15:00,-25.3,-24.1,-23.6
1209,2024-11-17,4:30:00,2024-11-17 4:30:00,-25.1,-24,-23.5
1210,2024-11-17,4:45:00,2024-11-17 4:45:00,-24.9,-23.9,-23.4
1211,2024-11-17,5:00:00,2024-11-17 5:00:00,-24.7,-23.8,-23.3
1212,2024-11-17,5:15:00,2024-11-17 5:15:00,-24.5,-23.7,-23.2
1213,2024-11-17,5:30:00,2024-11-17 5:30:00,-24.3,-23.6,-23.1
1214,2024-11-17,5:45:00,2024-11-17 5:45:00,-24.1,-23.5,-23
1215,2024-11-17,6:00:00,2024-11-17 6:00:00,-23.9,-23.4,-22.9
1216,2024-11-17,6:15:00,2024-11-17 6:15:00,-23.7,-23.3,-22.8
1217,2024-11-17,6:30:00,2024-11-17 6:30:00,-23.5,-23.2,-22.7
1218,2024-11-17,6:45:00,2024-11-17 6:45:00,-23.3,-23.1,-22.6
1219,2024-11-17,7:00:00,2024-11-17 7:00:00,-23.1,-23,-22.5
1220,2024-11-17,7:15:00,2024-11-17 7:15:00,-22.9,-22.9,-22.4
1221,2024-11-17,7:30:00,2024-11-17 7:30:00,-22.7,-22.8,-22.3
1222,2024-11-17,7:45:00,2024-11-17 7:45:00,-22.5,-22.7,-22.2
1223,2024-11-17,8:00:00,2024-11-17 8:00:00,-22.3,-22.5,-22
1224,2024-11-17,8:15:00,2024-11-17 8:15:00,-22.1,-22.3,-21.8
1225,2024-11-17,8:30:00,2024-11-17 8:30:00,-21.9,-22.1,-21.6
1226,2024-11-17,8:45:00,2024-11-17 8:45:00,-21.7,-21.9,-21.4
1227,2024-11-17,9:00:00,2024-11-17 9:00:00,-21.5,-21.7,-21.2
1228,2024-11-17,9:15:00,2024-11-17 9:15:00,-21,-21.7,-21.2
1229,2024-11-17,9:30:00,2024-11-17 9:30:00,-21.4,-21.6,-21.1
1230,2024-11-17,9:45:00,2024-11-17 9:45:00,-21.8,-21.5,-21
1231,2024-11-17,10:00:00,2024-11-17 10:00:00,-22.2,-21.4,-20.9
1232,2024-11-17,10:15:00,2024-11-17 10:15:00,-22.6,-21.3,-20.8
1233,2024-11-17,10:30:00,2024-11-17 10:30:00,-23,-21.2,-20.7
1234,2024-11-17,10:45:00,2024-11-17 10:45:00,-23.4,-21.1,-20.6
1235,2024-11-17,11:00:00,2024-11-17 11:00:00,-23.8,-21,-20.5
1236,2024-11-17,11:15:00,2024-11-17 11:15:00,-24.2,-20.9,-20.4
1237,2024-11-17,11:30:00,2024-11-17 11:30:00,-24.6,-20.8,-20.3
1238,2024-11-17,11:45:00,2024-11-17 11:45:00,-25,-20.7,-20.2
1239,2024-11-17,12:00:00,2024-11-17 12:00:00,-25.4,-20.6,-20.1
1240,2024-11-17,12:15:00,2024-11-17 12:15:00,-25.8,-20.5,-20
1241,2024-11-17,12:30:00,2024-11-17 12:30:00,-26.2,-20.7,-20.2
1242,2024-11-17,12:45:00,2024-11-17 12:45:00,-26.6,-20.9,-20.4
1243,2024-11-17,13:00:00,2024-11-17 13:00:00,-27,-21.1,-20.6
1244,2024-11-17,13:15:00,2024-11-17 13:15:00,-27.4,-21.3,-20.8
1245,2024-11-17,13:30:00,2024-11-17 13:30:00,-27.8,-21.5,-21
1246,2024-11-17,13:45:00,2024-11-17 13:45:00,-28.2,-21.7,-21.2
1247,2024-11-17,14:00:00,2024-11-17 14:00:00,-28.6,-21.9,-21.4
1248,2024-11-17,14:15:00,2024-11-17 14:15:00,-29,-22.1,-21.6
1249,2024-11-17,14:30:00,2024-11-17 14:30:00,-29.2,-22,-21.5
1250,2024-11-17,14:45:00,2024-11-17 14:45:00,-29.1,-22.2,-21.7
1251,2024-11-17,15:00:00,2024-11-17 15:00:00,-29,-22.4,-21.9
1252,2024-11-17,15:15:00,2024-11-17 15:15:00,-28.9,-22.6,-22.1
1253,2024-11-17,15:30:00,2024-11-17 15:30:00,-28.8,-22.8,-22.3
1254,2024-11-17,15:45:00,2024-11-17 15:45:00,-28.7,-23,-22.5
1255,2024-11-17,16:00:00,2024-11-17 16:00:00,-28.6,-23.2,-22.7
1256,2024-11-17,16:15:00,2024-11-17 16:15:00,-28.5,-23.4,-22.9
1257,2024-11-17,16:30:00,2024-11-17 16:30:00,-28.4,-23.6,-23.1
1258,2024-11-17,16:45:00,2024-11-17 16:45:00,-28.3,-23.8,-23.3
1259,2024-11-17,17:00:00,2024-11-17 17:00:00,-28.2,-23.5,-23
1260,2024-11-17,17:15:00,2024-11-17 17:15:00,-28.4,-23.2,-22.7
1261,2024-11-17,17:30:00,2024-11-17 17:30:00,-28.6,-22.9,-22.4
1262,2024-11-17,17:45:00,2024-11-17 17:45:00,-28.8,-22.6,-22.1
1263,2024-11-17,18:00:00,2024-11-17 18:00:00,-29,-22.3,-21.8
1264,2024-11-17,18:15:00,2024-11-17 18:15:00,-29.2,-22,-21.5
1265,2024-11-17,18:30:00,2024-11-17 18:30:00,-29.4,-21.7,-21.2
1266,2024-11-17,18:45:00,2024-11-17 18:45:00,-29.6,-21.9,-21.4
1267,2024-11-17,19:00:00,2024-11-17 19:00:00,-29.5,-22,-21.5
1268,2024-11-17,19:15:00,2024-11-17 19:15:00,-29.4,-22.1,-21.6
1269,2024-11-17,19:30:00,2024-11-17 19:30:00,-29.3,-22.2,-21.7
1270,2024-11-17,19:45:00,2024-11-17 19:45:00,-29.2,-22.3,-21.8
1271,2024-11-17,20:00:00,2024-11-17 20:00:00,-29.1,-22.4,-21.9
1272,2024-11-17,20:15:00,2024-11-17 20:15:00,-29,-22.5,-22
1273,2024-11-17,20:30:00,2024-11-17 20:30:00,-28.9,-22.6,-22.1
1274,2024-11-17,20:45:00,2024-11-17 20:45:00,-28.8,-22.7,-22.2
1275,2024-11-17,21:00:00,2024-11-17 21:00:00,-28.7,-22.8,-22.3
1276,2024-11-17,21:15:00,2024-11-17 21:15:00,-28.6,-22.9,-22.4
1277,2024-11-17,21:30:00,2024-11-17 21:30:00,-28.5,-23,-22.5
1278,2024-11-17,21:45:00,2024-11-17 21:45:00,-28.4,-23.1,-22.6
1279,2024-11-17,22:00:00,2024-11-17 22:00:00,-28.3,-23.2,-22.7
1280,2024-11-17,22:15:00,2024-11-17 22:15:00,-28.2,-23.3,-22.8
1281,2024-11-17,22:30:00,2024-11-17 22:30:00,-28.1,-23.4,-22.9
1282,2024-11-17,22:45:00,2024-11-17 22:45:00,-28,-23.5,-23
1283,2024-11-17,23:00:00,2024-11-17 23:00:00,-27.9,-23.6,-23.1
1284,2024-11-17,23:15:00,2024-11-17 23:15:00,-27.8,-23.7,-23.2
1285,2024-11-17,23:30:00,2024-11-17 23:30:00,-27.7,-23.8,-23.3
1286,2024-11-17,23:45:00,2024-11-17 23:45:00,-27.6,-23.9,-23.4
1287,2024-11-18,0:00:00,2024-11-18 0:00:00,-27.5,-24,-23.5
1288,2024-11-18,0:15:00,2024-11-18 0:15:00,-27.4,-24.1,-23.6
1289,2024-11-18,0:30:00,2024-11-18 0:30:00,-27.3,-24.2,-23.7
1290,2024-11-18,0:45:00,2024-11-18 0:45:00,-27.2,-24.3,-23.8
1291,2024-11-18,1:00:00,2024-11-18 1:00:00,-27.1,-24.4,-23.9
1292,2024-11-18,1:15:00,2024-11-18 1:15:00,-27,-24.5,-24
1293,2024-11-18,1:30:00,2024-11-18 1:30:00,-26.9,-24.6,-24.1
1294,2024-11-18,1:45:00,2024-11-18 1:45:00,-26.8,-24.7,-24.2
1295,2024-11-18,2:00:00,2024-11-18 2:00:00,-26.7,-24.6,-24.1
1296,2024-11-18,2:15:00,2024-11-18 2:15:00,-26.6,-24.5,-24
1297,2024-11-18,2:30:00,2024-11-18 2:30:00,-26.5,-24.4,-23.9
1298,2024-11-18,2:45:00,2024-11-18 2:45:00,-26.4,-24.3,-23.8
1299,2024-11-18,3:00:00,2024-11-18 3:00:00,-26.3,-24.2,-23.7
1300,2024-11-18,3:15:00,2024-11-18 3:15:00,-26.2,-24.1,-23.6
1301,2024-11-18,3:30:00,2024-11-18 3:30:00,-26.1,-24,-23.5
1302,2024-11-18,3:45:00,2024-11-18 3:45:00,-26,-23.9,-23.4
1303,2024-11-18,4:00:00,2024-11-18 4:00:00,-25.9,-23.8,-23.3
1304,2024-11-18,4:15:00,2024-11-18 4:15:00,-25.8,-23.7,-23.2
1305,2024-11-18,4:30:00,2024-11-18 4:30:00,-25.7,-23.6,-23.1
1306,2024-11-18,4:45:00,2024-11-18 4:45:00,-25.6,-23.5,-23
1307,2024-11-18,5:00:00,2024-11-18 5:00:00,-25.5,-23.4,-22.9
1308,2024-11-18,5:15:00,2024-11-18 5:15:00,-25.4,-23.3,-22.8
1309,2024-11-18,5:30:00,2024-11-18 5:30:00,-25.3,-23.2,-22.7
1310,2024-11-18,5:45:00,2024-11-18 5:45:00,-25.2,-23.1,-22.6
1311,2024-11-18,6:00:00,2024-11-18 6:00:00,-25,-23,-22.5
1312,2024-11-18,6:15:00,2024-11-18 6:15:00,-24.8,-22.9,-22.4
1313,2024-11-18,6:30:00,2024-11-18 6:30:00,-24.6,-22.8,-22.3
1314,2024-11-18,6:45:00,2024-11-18 6:45:00,-24.4,-22.7,-22.2
1315,2024-11-18,7:00:00,2024-11-18 7:00:00,-24.2,-22.6,-22.1
1316,2024-11-18,7:15:00,2024-11-18 7:15:00,-24,-22.5,-22
1317,2024-11-18,7:30:00,2024-11-18 7:30:00,-23.8,-22.4,-21.9
1318,2024-11-18,7:45:00,2024-11-18 7:45:00,-23.6,-22.3,-21.8
1319,2024-11-18,8:00:00,2024-11-18 8:00:00,-23.5,-22.2,-21.7
1320,2024-11-18,8:15:00,2024-11-18 8:15:00,-23.4,-22.1,-21.6
1321,2024-11-18,8:30:00,2024-11-18 8:30:00,-23.3,-22,-21.5
1322,2024-11-18,8:45:00,2024-11-18 8:45:00,-23.2,-22.1,-21.6
1323,2024-11-18,9:00:00,2024-11-18 9:00:00,-22.8,-22.2,-21.7
1324,2024-11-18,9:15:00,2024-11-18 9:15:00,-23.1,-22.1,-21.6
1325,2024-11-18,9:30:00,2024-11-18 9:30:00,-23.4,-22,-21.5
1326,2024-11-18,9:45:00,2024-11-18 9:45:00,-23.7,-21.9,-21.4
1327,2024-11-18,10:00:00,2024-11-18 10:00:00,-24,-21.8,-21.3
1328,2024-11-18,10:15:00,2024-11-18 10:15:00,-24.3,-21.7,-21.2
1329,2024-11-18,10:30:00,2024-11-18 10:30:00,-24.6,-21.6,-21.1
1330,2024-11-18,10:45:00,2024-11-18 10:45:00,-24.9,-21.5,-21
1331,2024-11-18,11:00:00,2024-11-18 11:00:00,-25.2,-21.4,-20.9
1332,2024-11-18,11:15:00,2024-11-18 11:15:00,-25.6,-21.3,-20.8
1333,2024-11-18,11:30:00,2024-11-18 11:30:00,-26,-21.4,-20.9
1334,2024-11-18,11:45:00,2024-11-18 11:45:00,-26.4,-21.5,-21
1335,2024-11-18,12:00:00,2024-11-18 12:00:00,-26.9,-21.7,-21.2
1336,2024-11-18,12:15:00,2024-11-18 12:15:00,-26.8,-21.6,-21.1
1337,2024-11-18,12:30:00,2024-11-18 12:30:00,-26.7,-21.5,-21
1338,2024-11-18,12:45:00,2024-11-18 12:45:00,-26.6,-21.4,-20.9
1339,2024-11-18,13:00:00,2024-11-18 13:00:00,-26.5,-21.3,-20.8
1340,2024-11-18,13:15:00,2024-11-18 13:15:00,-26.4,-21.2,-20.7
1341,2024-11-18,13:30:00,2024-11-18 13:30:00,-26.3,-21.1,-20.6
1342,2024-11-18,13:45:00,2024-11-18 13:45:00,-26.2,-21,-20.5
1343,2024-11-18,14:00:00,2024-11-18 14:00:00,-26.1,-20.9,-20.4
1344,2024-11-18,14:15:00,2024-11-18 14:15:00,-26,-20.8,-20.3
1345,2024-11-18,14:30:00,2024-11-18 14:30:00,-25.9,-20.7,-20.2
1346,2024-11-18,14:45:00,2024-11-18 14:45:00,-25.8,-20.6,-20.1
1347,2024-11-18,15:00:00,2024-11-18 15:00:00,-25.7,-20.7,-20.2
1348,2024-11-18,15:15:00,2024-11-18 15:15:00,-25.6,-20.8,-20.3
1349,2024-11-18,15:30:00,2024-11-18 15:30:00,-25.5,-20.9,-20.4
1350,2024-11-18,15:45:00,2024-11-18 15:45:00,-25.4,-21,-20.5
1351,2024-11-18,16:00:00,2024-11-18 16:00:00,-25.3,-21.1,-20.6
1352,2024-11-18,16:15:00,2024-11-18 16:15:00,-25.2,-21.2,-20.7
1353,2024-11-18,16:30:00,2024-11-18 16:30:00,-25.1,-21.3,-20.8
1354,2024-11-18,16:45:00,2024-11-18 16:45:00,-25,-21.4,-20.9
1355,2024-11-18,17:00:00,2024-11-18 17:00:00,-24.9,-21.5,-21
1356,2024-11-18,17:15:00,2024-11-18 17:15:00,-24.8,-21.6,-21.1
1357,2024-11-18,17:30:00,2024-11-18 17:30:00,-24.7,-21.7,-21.2
1358,2024-11-18,17:45:00,2024-11-18 17:45:00,-24.6,-21.8,-21.3
1359,2024-11-18,18:00:00,2024-11-18 18:00:00,-24.5,-21.9,-21.4
1360,2024-11-18,18:15:00,2024-11-18 18:15:00,-24.4,-22,-21.5
1361,2024-11-18,18:30:00,2024-11-18 18:30:00,-24.3,-22.1,-21.6
1362,2024-11-18,18:45:00,2024-11-18 18:45:00,-24.2,-22.2,-21.7
1363,2024-11-18,19:00:00,2024-11-18 19:00:00,-24.1,-22.3,-21.8
1364,2024-11-18,19:15:00,2024-11-18 19:15:00,-24,-22.4,-21.9
1365,2024-11-18,19:30:00,2024-11-18 19:30:00,-23.9,-22.5,-22
1366,2024-11-18,19:45:00,2024-11-18 19:45:00,-23.8,-22.6,-22.1
1367,2024-11-18,20:00:00,2024-11-18 20:00:00,-23.7,-22.7,-22.2
1368,2024-11-18,20:15:00,2024-11-18 20:15:00,-23.6,-22.8,-22.3
1369,2024-11-18,20:30:00,2024-11-18 20:30:00,-23.5,-22.9,-22.4
1370,2024-11-18,20:45:00,2024-11-18 20:45:00,-23.4,-23,-22.5
1371,2024-11-18,21:00:00,2024-11-18 21:00:00,-23.3,-23.1,-22.6
1372,2024-11-18,21:15:00,2024-11-18 21:15:00,-23.2,-23.2,-22.7
1373,2024-11-18,21:30:00,2024-11-18 21:30:00,-23.1,-23.3,-22.8
1374,2024-11-18,21:45:00,2024-11-18 21:45:00,-23,-23.2,-22.7
1375,2024-11-18,22:00:00,2024-11-18 22:00:00,-22.9,-23.1,-22.6
1376,2024-11-18,22:15:00,2024-11-18 22:15:00,-22.8,-23,-22.5
1377,2024-11-18,22:30:00,2024-11-18 22:30:00,-22.7,-22.9,-22.4
1378,2024-11-18,22:45:00,2024-11-18 22:45:00,-22.6,-22.8,-22.3
1379,2024-11-18,23:00:00,2024-11-18 23:00:00,-22.7,-22.7,-22.2
1380,2024-11-18,23:15:00,2024-11-18 23:15:00,-22.8,-22.6,-22.1
1381,2024-11-18,23:30:00,2024-11-18 23:30:00,-22.9,-22.5,-22
1382,2024-11-18,23:45:00,2024-11-18 23:45:00,-23,-22.4,-21.9
1383,2024-11-19,0:00:00,2024-11-19 0:00:00,-23.1,-22.3,-21.8
1384,2024-11-19,0:15:00,2024-11-19 0:15:00,-23.2,-22.2,-21.7
1385,2024-11-19,0:30:00,2024-11-19 0:30:00,-23.3,-22.1,-21.6
1386,2024-11-19,0:45:00,2024-11-19 0:45:00,-23.4,-22,-21.5
1387,2024-11-19,1:00:00,2024-11-19 1:00:00,-23.5,-21.9,-21.4
1388,2024-11-19,1:15:00,2024-11-19 1:15:00,-23.6,-21.8,-21.3
1389,2024-11-19,1:30:00,2024-11-19 1:30:00,-23.7,-21.7,-21.2
1390,2024-11-19,1:45:00,2024-11-19 1:45:00,-23.8,-21.6,-21.1
1391,2024-11-19,2:00:00,2024-11-19 2:00:00,-23.9,-21.5,-21
1392,2024-11-19,2:15:00,2024-11-19 2:15:00,-24,-21.4,-20.9
1393,2024-11-19,2:30:00,2024-11-19 2:30:00,-24.1,-21.3,-20.8
1394,2024-11-19,2:45:00,2024-11-19 2:45:00,-24.2,-21.2,-20.7
1395,2024-11-19,3:00:00,2024-11-19 3:00:00,-24.3,-21.1,-20.6
1396,2024-11-19,3:15:00,2024-11-19 3:15:00,-24.4,-21,-20.5
1397,2024-11-19,3:30:00,2024-11-19 3:30:00,-24.5,-20.9,-20.4
1398,2024-11-19,3:45:00,2024-11-19 3:45:00,-24.6,-20.8,-20.3
1399,2024-11-19,4:00:00,2024-11-19 4:00:00,-24.7,-20.7,-20.2
1400,2024-11-19,4:15:00,2024-11-19 4:15:00,-24.8,-20.6,-20.1
1401,2024-11-19,4:30:00,2024-11-19 4:30:00,-24.9,-20.5,-20
1402,2024-11-19,4:45:00,2024-11-19 4:45:00,-25,-20.4,-19.9
1403,2024-11-19,5:00:00,2024-11-19 5:00:00,-25.1,-20.3,-19.8
1404,2024-11-19,5:15:00,2024-11-19 5:15:00,-25.2,-20.4,-19.9
1405,2024-11-19,5:30:00,2024-11-19 5:30:00,-25.3,-20.5,-20
1406,2024-11-19,5:45:00,2024-11-19 5:45:00,-25.4,-20.6,-20.1
1407,2024-11-19,6:00:00,2024-11-19 6:00:00,-25.5,-20.7,-20.2
1408,2024-11-19,6:15:00,2024-11-19 6:15:00,-25.6,-20.8,-20.3
1409,2024-11-19,6:30:00,2024-11-19 6:30:00,-25.7,-20.9,-20.4
1410,2024-11-19,6:45:00,2024-11-19 6:45:00,-25.8,-21,-20.5
1411,2024-11-19,7:00:00,2024-11-19 7:00:00,-25.9,-21.1,-20.6
1412,2024-11-19,7:15:00,2024-11-19 7:15:00,-26,-21.2,-20.7
1413,2024-11-19,7:30:00,2024-11-19 7:30:00,-26.1,-21.3,-20.8
1414,2024-11-19,7:45:00,2024-11-19 7:45:00,-26.2,-21.4,-20.9
1415,2024-11-19,8:00:00,2024-11-19 8:00:00,-26.3,-21.5,-21
1416,2024-11-19,8:15:00,2024-11-19 8:15:00,-26.4,-21.6,-21.1
1417,2024-11-19,8:30:00,2024-11-19 8:30:00,-26.5,-21.7,-21.2
1418,2024-11-19,8:45:00,2024-11-19 8:45:00,-26.6,-21.8,-21.3
1419,2024-11-19,9:00:00,2024-11-19 9:00:00,-26.7,-21.9,-21.4
1420,2024-11-19,9:15:00,2024-11-19 9:15:00,-26.8,-22,-21.5
1421,2024-11-19,9:30:00,2024-11-19 9:30:00,-26.9,-22.1,-21.6
1422,2024-11-19,9:45:00,2024-11-19 9:45:00,-26.8,-22.2,-21.7
1423,2024-11-19,10:00:00,2024-11-19 10:00:00,-26.7,-22.3,-21.8
1424,2024-11-19,10:15:00,2024-11-19 10:15:00,-26.6,-22.4,-21.9
1425,2024-11-19,10:30:00,2024-11-19 10:30:00,-26.5,-22.5,-22
1426,2024-11-19,10:45:00,2024-11-19 10:45:00,-26.4,-22.6,-22.1
1427,2024-11-19,11:00:00,2024-11-19 11:00:00,-26.3,-22.5,-22
1428,2024-11-19,11:15:00,2024-11-19 11:15:00,-26.2,-22.4,-21.9
1429,2024-11-19,11:30:00,2024-11-19 11:30:00,-26.1,-22.3,-21.8
1430,2024-11-19,11:45:00,2024-11-19 11:45:00,-25.9,-22,-21.5
1431,2024-11-19,12:00:00,2024-11-19 12:00:00,-26,-22.1,-21.6
1432,2024-11-19,12:15:00,2024-11-19 12:15:00,-26.1,-22.2,-21.7
1433,2024-11-19,12:30:00,2024-11-19 12:30:00,-26.2,-22.3,-21.8
1434,2024-11-19,12:45:00,2024-11-19 12:45:00,-26.3,-22.4,-21.9
1435,2024-11-19,13:00:00,2024-11-19 13:00:00,-26.4,-22.5,-22
1436,2024-11-19,13:15:00,2024-11-19 13:15:00,-26.5,-22.6,-22.1
1437,2024-11-19,13:30:00,2024-11-19 13:30:00,-26.6,-22.7,-22.2
1438,2024-11-19,13:45:00,2024-11-19 13:45:00,-26.7,-22.8,-22.3
1439,2024-11-19,14:00:00,2024-11-19 14:00:00,-26.8,-22.9,-22.4
1440,2024-11-19,14:15:00,2024-11-19 14:15:00,-26.9,-23,-22.5
1441,2024-11-19,14:30:00,2024-11-19 14:30:00,-27,-23.1,-22.6
1442,2024-11-19,14:45:00,2024-11-19 14:45:00,-27.1,-23.2,-22.7
1443,2024-11-19,15:00:00,2024-11-19 15:00:00,-27.2,-23.3,-22.8
1444,2024-11-19,15:15:00,2024-11-19 15:15:00,-27.3,-23.4,-22.9
1445,2024-11-19,15:30:00,2024-11-19 15:30:00,-27.4,-23.5,-23
1446,2024-11-19,15:45:00,2024-11-19 15:45:00,-27.5,-23.6,-23.1
1447,2024-11-19,16:00:00,2024-11-19 16:00:00,-27.6,-23.7,-23.2
1448,2024-11-19,16:15:00,2024-11-19 16:15:00,-27.7,-23.8,-23.3
1449,2024-11-19,16:30:00,2024-11-19 16:30:00,-27.8,-23.9,-23.4
1450,2024-11-19,16:45:00,2024-11-19 16:45:00,-27.9,-24,-23.5
1451,2024-11-19,17:00:00,2024-11-19 17:00:00,-28,-24.1,-23.6
1452,2024-11-19,17:15:00,2024-11-19 17:15:00,-28.1,-24.2,-23.7
1453,2024-11-19,17:30:00,2024-11-19 17:30:00,-28.2,-24,-23.5
1454,2024-11-19,17:45:00,2024-11-19 17:45:00,-28.3,-23.8,-23.3
1455,2024-11-19,18:00:00,2024-11-19 18:00:00,-28.4,-23.6,-23.1
1456,2024-11-19,18:15:00,2024-11-19 18:15:00,-28.6,-23.4,-22.9
1457,2024-11-19,18:30:00,2024-11-19 18:30:00,-28.8,-23.2,-22.7
1458,2024-11-19,18:45:00,2024-11-19 18:45:00,-29,-23,-22.5
1459,2024-11-19,19:00:00,2024-11-19 19:00:00,-29.2,-22.8,-22.3
1460,2024-11-19,19:15:00,2024-11-19 19:15:00,-29.4,-22.6,-22.1
1461,2024-11-19,19:30:00,2024-11-19 19:30:00,-29.6,-22.1,-21.6
1462,2024-11-19,19:45:00,2024-11-19 19:45:00,-29.5,-22.2,-21.7
1463,2024-11-19,20:00:00,2024-11-19 20:00:00,-29.4,-22.3,-21.8
1464,2024-11-19,20:15:00,2024-11-19 20:15:00,-29.3,-22.4,-21.9
1465,2024-11-19,20:30:00,2024-11-19 20:30:00,-29.2,-22.5,-22
1466,2024-11-19,20:45:00,2024-11-19 20:45:00,-29.1,-22.6,-22.1
1467,2024-11-19,21:00:00,2024-11-19 21:00:00,-29,-22.7,-22.2
1468,2024-11-19,21:15:00,2024-11-19 21:15:00,-28.9,-22.8,-22.3
1469,2024-11-19,21:30:00,2024-11-19 21:30:00,-28.8,-22.9,-22.4
1470,2024-11-19,21:45:00,2024-11-19 21:45:00,-28.7,-23,-22.5
1471,2024-11-19,22:00:00,2024-11-19 22:00:00,-28.6,-23.1,-22.6
1472,2024-11-19,22:15:00,2024-11-19 22:15:00,-28.5,-23.2,-22.7
1473,2024-11-19,22:30:00,2024-11-19 22:30:00,-28.4,-23.3,-22.8
1474,2024-11-19,22:45:00,2024-11-19 22:45:00,-28.3,-23.4,-22.9
1475,2024-11-19,23:00:00,2024-11-19 23:00:00,-28.2,-23.5,-23
1476,2024-11-19,23:15:00,2024-11-19 23:15:00,-28.1,-23.6,-23.1
1477,2024-11-19,23:30:00,2024-11-19 23:30:00,-28,-23.7,-23.2
1478,2024-11-19,23:45:00,2024-11-19 23:45:00,-27.9,-23.8,-23.3
1479,2024-11-20,0:00:00,2024-11-20 0:00:00,-27.8,-23.9,-23.4
1480,2024-11-20,0:15:00,2024-11-20 0:15:00,-27.7,-24,-23.5
1481,2024-11-20,0:30:00,2024-11-20 0:30:00,-27.6,-24.1,-23.6
1482,2024-11-20,0:45:00,2024-11-20 0:45:00,-27.5,-24.2,-23.7
1483,2024-11-20,1:00:00,2024-11-20 1:00:00,-27.4,-24.1,-23.6
1484,2024-11-20,1:15:00,2024-11-20 1:15:00,-27.3,-24,-23.5
1485,2024-11-20,1:30:00,2024-11-20 1:30:00,-27.2,-23.9,-23.4
1486,2024-11-20,1:45:00,2024-11-20 1:45:00,-27.1,-23.8,-23.3
1487,2024-11-20,2:00:00,2024-11-20 2:00:00,-27,-23.7,-23.2
1488,2024-11-20,2:15:00,2024-11-20 2:15:00,-26.9,-23.6,-23.1
1489,2024-11-20,2:30:00,2024-11-20 2:30:00,-26.8,-23.5,-23
1490,2024-11-20,2:45:00,2024-11-20 2:45:00,-26.7,-23.4,-22.9
1491,2024-11-20,3:00:00,2024-11-20 3:00:00,-26.6,-23.3,-22.8
1492,2024-11-20,3:15:00,2024-11-20 3:15:00,-26.5,-23.2,-22.7
1493,2024-11-20,3:30:00,2024-11-20 3:30:00,-26.4,-23.1,-22.6
1494,2024-11-20,3:45:00,2024-11-20 3:45:00,-26.3,-23,-22.5
1495,2024-11-20,4:00:00,2024-11-20 4:00:00,-26.2,-22.9,-22.4
1496,2024-11-20,4:15:00,2024-11-20 4:15:00,-26.1,-22.8,-22.3
1497,2024-11-20,4:30:00,2024-11-20 4:30:00,-26,-22.7,-22.2
1498,2024-11-20,4:45:00,2024-11-20 4:45:00,-25.9,-22.6,-22.1
1499,2024-11-20,5:00:00,2024-11-20 5:00:00,-25.8,-22.5,-22
1500,2024-11-20,5:15:00,2024-11-20 5:15:00,-25.6,-22.4,-21.9
1501,2024-11-20,5:30:00,2024-11-20 5:30:00,-25.4,-22.3,-21.8
1502,2024-11-20,5:45:00,2024-11-20 5:45:00,-25.2,-22.4,-21.9
1503,2024-11-20,6:00:00,2024-11-20 6:00:00,-25,-22.5,-22
1504,2024-11-20,6:15:00,2024-11-20 6:15:00,-24.8,-22.6,-22.1
1505,2024-11-20,6:30:00,2024-11-20 6:30:00,-24.6,-22.7,-22.2
1506,2024-11-20,6:45:00,2024-11-20 6:45:00,-24.4,-22.8,-22.3
1507,2024-11-20,7:00:00,2024-11-20 7:00:00,-24.2,-22.9,-22.4
1508,2024-11-20,7:15:00,2024-11-20 7:15:00,-24,-23,-22.5
1509,2024-11-20,7:30:00,2024-11-20 7:30:00,-23.8,-22.8,-22.3
1510,2024-11-20,7:45:00,2024-11-20 7:45:00,-23.6,-22.6,-22.1
1511,2024-11-20,8:00:00,2024-11-20 8:00:00,-23.3,-22.6,-22.1
1512,2024-11-20,8:15:00,2024-11-20 8:15:00,-23.4,-22.5,-22
1513,2024-11-20,8:30:00,2024-11-20 8:30:00,-23.5,-22.4,-21.9
1514,2024-11-20,8:45:00,2024-11-20 8:45:00,-23.6,-22.3,-21.8
1515,2024-11-20,9:00:00,2024-11-20 9:00:00,-23.7,-22.2,-21.7
1516,2024-11-20,9:15:00,2024-11-20 9:15:00,-23.6,-22.1,-21.6
1517,2024-11-20,9:30:00,2024-11-20 9:30:00,-23.5,-22,-21.5
1518,2024-11-20,9:45:00,2024-11-20 9:45:00,-23.4,-21.9,-21.4
1519,2024-11-20,10:00:00,2024-11-20 10:00:00,-23.3,-21.8,-21.3
1520,2024-11-20,10:15:00,2024-11-20 10:15:00,-23.2,-21.7,-21.2
1521,2024-11-20,10:30:00,2024-11-20 10:30:00,-23.1,-21.6,-21.1
1522,2024-11-20,10:45:00,2024-11-20 10:45:00,-23,-21.5,-21
1523,2024-11-20,11:00:00,2024-11-20 11:00:00,-22.9,-21.4,-20.9
1524,2024-11-20,11:15:00,2024-11-20 11:15:00,-22.8,-21.3,-20.8
1525,2024-11-20,11:30:00,2024-11-20 11:30:00,-22.6,-21.4,-20.9
1526,2024-11-20,11:45:00,2024-11-20 11:45:00,-22.4,-21.5,-21
1527,2024-11-20,12:00:00,2024-11-20 12:00:00,-22,-21.6,-21.1
1528,2024-11-20,12:15:00,2024-11-20 12:15:00,-22.1,-21.5,-21
1529,2024-11-20,12:30:00,2024-11-20 12:30:00,-22.2,-21.4,-20.9
1530,2024-11-20,12:45:00,2024-11-20 12:45:00,-22.3,-21.3,-20.8
1531,2024-11-20,13:00:00,2024-11-20 13:00:00,-22.4,-21.2,-20.7
1532,2024-11-20,13:15:00,2024-11-20 13:15:00,-22.5,-21.1,-20.6
1533,2024-11-20,13:30:00,2024-11-20 13:30:00,-22.6,-21,-20.5
1534,2024-11-20,13:45:00,2024-11-20 13:45:00,-22.7,-20.9,-20.4
1535,2024-11-20,14:00:00,2024-11-20 14:00:00,-22.8,-20.8,-20.3
1536,2024-11-20,14:15:00,2024-11-20 14:15:00,-22.9,-20.7,-20.2
1537,2024-11-20,14:30:00,2024-11-20 14:30:00,-23,-20.6,-20.1
1538,2024-11-20,14:45:00,2024-11-20 14:45:00,-23.1,-20.5,-20
1539,2024-11-20,15:00:00,2024-11-20 15:00:00,-23.2,-20.4,-19.9
1540,2024-11-20,15:15:00,2024-11-20 15:15:00,-23.3,-20.3,-19.8
1541,2024-11-20,15:30:00,2024-11-20 15:30:00,-23.4,-20.2,-19.7
1542,2024-11-20,15:45:00,2024-11-20 15:45:00,-23.1,-20.1,-19.6
1543,2024-11-20,16:00:00,2024-11-20 16:00:00,-22.8,-20.3,-19.8
1544,2024-11-20,16:15:00,2024-11-20 16:15:00,-22.5,-20.5,-20
1545,2024-11-20,16:30:00,2024-11-20 16:30:00,-22.2,-20.7,-20.2
1546,2024-11-20,16:45:00,2024-11-20 16:45:00,-21.9,-20.9,-20.4
1547,2024-11-20,17:00:00,2024-11-20 17:00:00,-21.6,-21.1,-20.6
1548,2024-11-20,17:15:00,2024-11-20 17:15:00,-21.3,-21.3,-20.8
1549,2024-11-20,17:30:00,2024-11-20 17:30:00,-21,-21.5,-21
1550,2024-11-20,17:45:00,2024-11-20 17:45:00,-20.7,-21.7,-21.2
1551,2024-11-20,18:00:00,2024-11-20 18:00:00,-20.2,-21.7,-21.2